closetime,openprice,highprice,lowprice,closeprice,volume,datetime
1483207200,114500,115858,114400,115519,8255.762,2017-01-01 00:00:00
1483228800,115550,116287,114956,116085,5563.976,2017-01-01 06:00:00
1483250400,116099,116251,115302,115729,7791.5874,2017-01-01 12:00:00
1483272000,115729,117305,115380,117085,8556.772,2017-01-01 18:00:00
1483293600,117114,119996,116680,119639,7966.408,2017-01-02 00:00:00
1483315200,119639,121208,119501,120750,2242.494,2017-01-02 06:00:00
1483336800,120772,123000,120200,121419,2381.6763,2017-01-02 12:00:00
1483358400,121408,122202,120513,122076,2968.292,2017-01-02 18:00:00
1483380000,122138,122528,120600,122010,1835.3558,2017-01-03 00:00:00
1483401600,122010,122507,121189,122408,1197.4392,2017-01-03 06:00:00
1483423200,122423,123213,122301,122896,7393.4224,2017-01-03 12:00:00
1483444800,122918,123052,121320,122448,15472.201,2017-01-03 18:00:00
1483466400,122447,123100,121696,122070,15080.678,2017-01-04 00:00:00
1483488000,122070,123330,121731,123138,14233.126,2017-01-04 06:00:00
1483509600,123145,129032,122966,128142,15907.988,2017-01-04 12:00:00
1483531200,128199,130569,127300,130199,13401.718,2017-01-04 18:00:00
1483552800,130200,138799,129747,138798,12285.32,2017-01-05 00:00:00
1483574400,138594,144000,134203,143743,8297.282,2017-01-05 06:00:00
1483596000,143743,152232,142101,151360,12442.892,2017-01-05 12:00:00
1483617600,151372,151734,127000,135281,11852.169,2017-01-05 18:00:00
1483639200,135202,135202,103400,112632,10519.214,2017-01-06 00:00:00
1483660800,112542,121182,111200,118936,5303.324,2017-01-06 06:00:00
1483682400,118936,133999,115000,119395,9159.705,2017-01-06 12:00:00
1483704000,119395,121931,104698,108518,7933.8584,2017-01-06 18:00:00
1483725600,108546,116000,105500,112900,7057.256,2017-01-07 00:00:00
1483747200,112906,114520,109082,112727,3320.0864,2017-01-07 06:00:00
1483768800,112709,112871,100050,102608,6767.131,2017-01-07 12:00:00
1483790400,102683,109388,99900,106589,9865.322,2017-01-07 18:00:00
1483812000,106589,110900,105000,110000,9616.038,2017-01-08 00:00:00
1483833600,109999,111300,107831,110332,4846.59,2017-01-08 06:00:00
1483855200,110400,113000,109000,111510,9437.4795,2017-01-08 12:00:00
1483876800,111510,111792,108578,108601,8633.877,2017-01-08 18:00:00
1483898400,108573,109850,105000,108430,10159.152,2017-01-09 00:00:00
1483920000,108399,108841,106222,108247,7211.2295,2017-01-09 06:00:00
1483941600,108232,108400,103686,105681,7397.183,2017-01-09 12:00:00
1483963200,105731,107500,104321,106443,8086.04,2017-01-09 18:00:00
1483984800,106443,107400,104400,104400,8157.017,2017-01-10 00:00:00
1484006400,104417,105187,103493,104409,7486.007,2017-01-10 06:00:00
1484028000,104416,107550,104263,106173,10756.574,2017-01-10 12:00:00
1484049600,106139,107999,106037,107230,8783.737,2017-01-10 18:00:00
1484071200,107231,107550,105900,106342,10086.757,2017-01-11 00:00:00
1484092800,106348,107564,106029,106850,6677.708,2017-01-11 06:00:00
1484114400,106846,109249,106700,108679,9767.814,2017-01-11 12:00:00
1484136000,108679,108888,100000,100514,9449.385,2017-01-11 18:00:00
1484157600,100580,100738,90000,91150,17035.492,2017-01-12 00:00:00
1484179200,91124,94121,89095,89911,12826.787,2017-01-12 06:00:00
1484200800,89911,90537,86074,88636,12601.236,2017-01-12 12:00:00
1484222400,88567,89600,86000,88075,9961.669,2017-01-12 18:00:00
1484244000,88041,92690,87831,92434,9802.604,2017-01-13 00:00:00
1484265600,92434,96336,91670,92438,7645.304,2017-01-13 06:00:00
1484287200,92450,94459,90898,91792,10776.904,2017-01-13 12:00:00
1484308800,91792,93333,90225,92700,9990.498,2017-01-13 18:00:00
1484330400,92687,96852,91230,95374,10994.405,2017-01-14 00:00:00
1484352000,95415,96302,94094,95242,8877.99,2017-01-14 06:00:00
1484373600,95242,96990,94265,94834,10341.381,2017-01-14 12:00:00
1484395200,94834,96240,94399,95944,9187.877,2017-01-14 18:00:00
1484416800,95944,96500,94701,95480,9756.45,2017-01-15 00:00:00
1484438400,95480,95880,93000,94226,8569.111,2017-01-15 06:00:00
1484460000,94184,95027,93590,93925,9467.11,2017-01-15 12:00:00
1484481600,93977,94795,93014,94250,9666.857,2017-01-15 18:00:00
1484503200,94250,94650,93265,93434,6748.6533,2017-01-16 00:00:00
1484524800,93431,94500,93167,94500,5514.659,2017-01-16 06:00:00
1484546400,94499,96500,94212,95788,6792.1924,2017-01-16 12:00:00
1484568000,95785,96380,95000,95172,6334.0215,2017-01-16 18:00:00
1484589600,95167,95839,95096,95619,5471.4194,2017-01-17 00:00:00
1484611200,95587,96200,95234,95857,4676.559,2017-01-17 06:00:00
1484632800,95906,100000,95357,99999,9529.583,2017-01-17 12:00:00
1484654400,99999,104500,98691,100457,11473.058,2017-01-17 18:00:00
1484676000,100450,102510,100157,102275,7554.628,2017-01-18 00:00:00
1484697600,102275,104070,101578,103821,5379.598,2017-01-18 06:00:00
1484719200,103805,104989,101820,102952,8260.516,2017-01-18 12:00:00
1484740800,102952,103367,101128,102438,7080.1787,2017-01-18 18:00:00
1484762400,102404,102730,96498,99477,12451.91,2017-01-19 00:00:00
1484784000,99472,102600,98720,102400,4703.821,2017-01-19 06:00:00
1484805600,102399,103300,101020,101646,5834.7856,2017-01-19 12:00:00
1484827200,101652,103000,100435,100694,6183.543,2017-01-19 18:00:00
1484848800,100675,103030,100661,102951,4975.837,2017-01-20 00:00:00
1484870400,102951,103244,101500,102654,4439.814,2017-01-20 06:00:00
1484892000,102654,103100,102091,102748,5200.9624,2017-01-20 12:00:00
1484913600,102752,103149,101810,102843,4730.8726,2017-01-20 18:00:00
1484935200,102838,103599,102600,103121,4846.0073,2017-01-21 00:00:00
1484956800,103122,103364,102664,102998,2974.7146,2017-01-21 06:00:00
1484978400,102998,106000,102921,105333,7548.8003,2017-01-21 12:00:00
1485000000,105301,106000,105160,105940,5156.219,2017-01-21 18:00:00
1485021600,105920,106250,105300,105579,4551.0283,2017-01-22 00:00:00
1485043200,105619,106036,105506,105925,2911.269,2017-01-22 06:00:00
1485064800,105923,108682,105910,107597,6168.788,2017-01-22 12:00:00
1485086400,107599,108072,107000,107400,5459.4355,2017-01-22 18:00:00
1485108000,107387,107399,103002,106603,9985.615,2017-01-23 00:00:00
1485129600,106620,107050,105331,106298,4723.7393,2017-01-23 06:00:00
1485151200,106299,106317,104622,105629,6605.7993,2017-01-23 12:00:00
1485172800,105620,105800,104700,105159,5091.793,2017-01-23 18:00:00
1485194400,105207,106042,104599,104915,5009.1533,2017-01-24 00:00:00
1485216000,104891,105400,104627,104627,4122.154,2017-01-24 06:00:00
1485237600,104627,105478,101000,104502,8697.935,2017-01-24 12:00:00
1485259200,104522,105257,102502,103603,5508.5996,2017-01-24 18:00:00
1485280800,103612,104450,103228,104043,3702.3281,2017-01-25 00:00:00
1485302400,104017,104120,102510,102819,5101.6006,2017-01-25 06:00:00
1485324000,102819,103600,102560,102920,4382.9575,2017-01-25 12:00:00
1485345600,102919,103020,101565,101980,3987.7153,2017-01-25 18:00:00
1485367200,101980,102600,101510,102116,4827.652,2017-01-26 00:00:00
1485388800,102136,102634,101963,102300,2039.4664,2017-01-26 06:00:00
1485410400,102300,103300,102300,103083,3514.3115,2017-01-26 12:00:00
1485432000,103083,103799,102980,103600,4262.4165,2017-01-26 18:00:00
1485453600,103600,105440,103600,104481,7863.372,2017-01-27 00:00:00
1485475200,104481,105661,104270,105503,4738.361,2017-01-27 06:00:00
1485496800,105503,106300,105018,105490,6060.3154,2017-01-27 12:00:00
1485518400,105490,105998,105221,105615,4263.7104,2017-01-27 18:00:00
1485540000,105669,105850,105470,105759,2994.9753,2017-01-28 00:00:00
1485561600,105761,105919,105586,105845,1902.7898,2017-01-28 06:00:00
1485583200,105840,106300,105780,106003,3103.454,2017-01-28 12:00:00
1485604800,106003,106390,105939,106198,3214.095,2017-01-28 18:00:00
1485626400,106188,106199,105940,105961,2731.3408,2017-01-29 00:00:00
1485648000,105961,106207,105940,106200,1693.5101,2017-01-29 06:00:00
1485669600,106200,106500,106145,106392,2763.671,2017-01-29 12:00:00
1485691200,106392,106460,105800,106030,3146.3997,2017-01-29 18:00:00
1485712800,106035,106267,105900,106145,3092.6838,2017-01-30 00:00:00
1485734400,106160,106236,105825,105893,1814.8453,2017-01-30 06:00:00
1485756000,105874,106201,105600,106154,3201.7979,2017-01-30 12:00:00
1485777600,106153,106180,105935,105983,3441.6704,2017-01-30 18:00:00
1485799200,105982,106051,105702,105766,2974.146,2017-01-31 00:00:00
1485799200,105982,106051,105662,105663,3321.1663,2017-01-31 06:00:00
1485820800,105678,105919,105491,105677,3085.778,2017-01-31 12:00:00
1485842400,105640,105937,105550,105884,3657.2285,2017-01-31 18:00:00
1485864000,105885,107285,105860,107100,5748.95,2017-02-01 00:00:00
1485885600,107100,109500,106975,108608,11811.818,2017-02-01 06:00:00
1485907200,108599,109500,107465,109443,4849.3735,2017-02-01 12:00:00
1485928800,109443,114000,109394,112151,10514.776,2017-02-01 18:00:00
1485950400,112151,112700,111540,111909,6146.943,2017-02-02 00:00:00
1485972000,111909,112400,110401,111897,6440.389,2017-02-02 06:00:00
1485993600,111926,113330,111830,112894,5064.8403,2017-02-02 12:00:00
1486015200,112907,113915,112848,113418,7558.547,2017-02-02 18:00:00
1486036800,113407,113730,113311,113500,4457.2314,2017-02-03 00:00:00
1486058400,113518,115427,113440,114700,6282.3896,2017-02-03 06:00:00
1486080000,114690,116850,114588,116658,5141.458,2017-02-03 12:00:00
1486101600,116683,119590,116278,119259,9507.324,2017-02-03 18:00:00
1486123200,119259,119800,115800,116294,12326.566,2017-02-04 00:00:00
1486144800,116294,117246,115000,117119,7104.6333,2017-02-04 06:00:00
1486166400,117142,117899,116400,117789,3795.1177,2017-02-04 12:00:00
1486188000,117789,118101,115450,115480,8731.745,2017-02-04 18:00:00
1486209600,115475,117078,115117,116499,6430.276,2017-02-05 00:00:00
1486231200,116518,117700,116404,117700,5386.2188,2017-02-05 06:00:00
1486252800,117700,118000,117044,117749,4663.233,2017-02-05 12:00:00
1486274400,117741,117924,117470,117700,4335.8936,2017-02-05 18:00:00
1486296000,117699,117795,117381,117619,3496.4492,2017-02-06 00:00:00
1486317600,117619,117624,116439,116707,6335.8203,2017-02-06 06:00:00
1486339200,116703,117700,116057,117300,4282.32,2017-02-06 12:00:00
1486360800,117299,117600,117005,117568,4875.5557,2017-02-06 18:00:00
1486382400,117567,117881,117250,117390,4595.521,2017-02-07 00:00:00
1486404000,117381,117728,117302,117505,4462.2812,2017-02-07 06:00:00
1486425600,117505,117650,117300,117489,2195.1147,2017-02-07 12:00:00
1486447200,117489,118700,117325,118449,6490.2095,2017-02-07 18:00:00
1486468800,118436,119550,118351,119184,7767.812,2017-02-08 00:00:00
1486490400,119184,119850,119003,119470,5573.8784,2017-02-08 06:00:00
1486512000,119481,120579,119302,120579,2920.4954,2017-02-08 12:00:00
1486533600,120550,122712,120530,122590,9524.326,2017-02-08 18:00:00
1486555200,122555,123500,117500,120672,10633.313,2017-02-09 00:00:00
1486576800,120666,121599,120221,121599,5096.007,2017-02-09 06:00:00
1486598400,121598,122598,121575,122550,3629.7458,2017-02-09 12:00:00
1486620000,122550,123500,121786,123200,8444.708,2017-02-09 18:00:00
1486641600,123200,123210,122003,122923,7369.283,2017-02-10 00:00:00
1486663200,122923,122979,103360,111533,17670.47,2017-02-10 06:00:00
1486684800,111592,115820,107657,115226,7583.4233,2017-02-10 12:00:00
1486706400,115226,115999,110285,113172,8412.102,2017-02-10 18:00:00
1486728000,113156,113200,109061,112150,9679.367,2017-02-11 00:00:00
1486749600,112141,112500,110650,112279,6432.6035,2017-02-11 06:00:00
1486771200,112279,115170,111842,113602,4524.9614,2017-02-11 12:00:00
1486792800,113602,114600,112272,114439,6865.4043,2017-02-11 18:00:00
1486814400,114439,115300,114069,114580,6133.825,2017-02-12 00:00:00
1486836000,114580,115205,114210,114986,4283.7095,2017-02-12 06:00:00
1486857600,114998,115462,114700,114762,3430.8997,2017-02-12 12:00:00
1486879200,114787,115070,114323,114430,3591.2568,2017-02-12 18:00:00
1486900800,114425,114799,114272,114500,2914.0718,2017-02-13 00:00:00
1486922400,114499,114818,114208,114342,3628.821,2017-02-13 06:00:00
1486944000,114342,114950,114240,114607,2812.5261,2017-02-13 12:00:00
1486965600,114605,116500,114562,116348,4577.0034,2017-02-13 18:00:00
1486987200,116348,117279,113400,115540,8473.581,2017-02-14 00:00:00
1487008800,115540,115650,115150,115470,3567.7993,2017-02-14 06:00:00
1487030400,115478,116500,115340,115490,4074.9785,2017-02-14 12:00:00
1487052000,115499,117000,115251,116729,5858.604,2017-02-14 18:00:00
1487073600,116729,117494,115757,115900,7143.3,2017-02-15 00:00:00
1487095200,115780,117294,115740,116913,6071.441,2017-02-15 06:00:00
1487116800,116952,117101,116500,117035,3472.454,2017-02-15 12:00:00
1487138400,116984,117450,116920,117331,5364.6123,2017-02-15 18:00:00
1487160000,117350,117500,117002,117350,4823.992,2017-02-16 00:00:00
1487181600,117362,117810,117323,117789,3702.2258,2017-02-16 06:00:00
1487203200,117790,117956,117503,117647,2214.0386,2017-02-16 12:00:00
1487224800,117641,118649,117611,118611,6086.543,2017-02-16 18:00:00
1487246400,118605,118701,118426,118625,5790.6294,2017-02-17 00:00:00
1487268000,118619,119704,118545,119660,5673.4214,2017-02-17 06:00:00
1487289600,119665,120000,119195,119753,4613.639,2017-02-17 12:00:00
1487311200,119753,120900,119750,120732,6453.916,2017-02-17 18:00:00
1487332800,120732,121545,119914,121030,8367.504,2017-02-18 00:00:00
1487354400,121072,122000,120139,121707,7589.449,2017-02-18 06:00:00
1487376000,121707,121896,121068,121505,3361.3015,2017-02-18 12:00:00
1487397600,121515,121900,121001,121751,5081.484,2017-02-18 18:00:00
1487419200,121751,121998,121501,121650,4973.385,2017-02-19 00:00:00
1487440800,121650,121898,121511,121635,4423.3154,2017-02-19 06:00:00
1487462400,121631,121810,121357,121616,2451.1506,2017-02-19 12:00:00
1487484000,121616,121678,121300,121559,3362.2458,2017-02-19 18:00:00
1487505600,121558,121697,121473,121554,3146.856,2017-02-20 00:00:00
1487527200,121554,121560,120810,121060,4952.0884,2017-02-20 06:00:00
1487548800,121060,121410,120501,121290,2375.6284,2017-02-20 12:00:00
1487570400,121290,121607,120871,121473,3849.4055,2017-02-20 18:00:00
1487592000,121473,121837,121387,121605,3385.9224,2017-02-21 00:00:00
1487613600,121594,121768,121465,121523,2864.268,2017-02-21 06:00:00
1487635200,121532,123713,121500,123224,3160.8494,2017-02-21 12:00:00
1487656800,123229,124750,123201,124250,7004.05,2017-02-21 18:00:00
1487678400,124251,128000,124200,127446,11072.171,2017-02-22 00:00:00
1487700000,127446,128000,126447,127820,7694.1016,2017-02-22 06:00:00
1487721600,127820,131397,127141,130995,6416.334,2017-02-22 12:00:00
1487743200,130996,131082,128900,128961,8405.883,2017-02-22 18:00:00
1487764800,128941,129759,128725,129049,6590.495,2017-02-23 00:00:00
1487786400,129049,130488,128846,130450,6216.4673,2017-02-23 06:00:00
1487808000,130444,130995,129999,130181,5602.0073,2017-02-23 12:00:00
1487829600,130181,130500,129891,130250,5253.048,2017-02-23 18:00:00
1487851200,130249,131000,130128,130980,5362.4297,2017-02-24 00:00:00
1487872800,130985,132588,130982,132422,8342.572,2017-02-24 06:00:00
1487894400,132422,136499,132350,135800,8468.515,2017-02-24 12:00:00
1487916000,135800,139350,135116,138421,9683.396,2017-02-24 18:00:00
1487937600,138421,138846,130096,134857,12313.7705,2017-02-25 00:00:00
1487959200,134857,138000,134371,137089,7630.1646,2017-02-25 06:00:00
1487980800,137089,137093,134470,136358,5251.6875,2017-02-25 12:00:00
1488002400,136214,136740,135500,135596,4034.9001,2017-02-25 18:00:00
1488024000,135596,136690,135234,136093,3453.567,2017-02-26 00:00:00
1488045600,136059,136094,126596,129952,9764.021,2017-02-26 06:00:00
1488067200,129952,132880,129946,131196,3210.4844,2017-02-26 12:00:00
1488088800,131196,133980,129500,132911,6225.3696,2017-02-26 18:00:00
1488110400,132987,135050,132596,134295,7259.2886,2017-02-27 00:00:00
1488132000,134250,135481,133878,134155,3811.9126,2017-02-27 06:00:00
1488153600,134141,135330,134099,134828,2466.1897,2017-02-27 12:00:00
1488175200,134828,136562,134091,134425,8184.0933,2017-02-27 18:00:00
1488196800,134443,135500,133200,134400,5268.108,2017-02-28 00:00:00
1488218400,134432,135156,133990,134622,3919.8447,2017-02-28 06:00:00
1488240000,134622,135400,134390,135350,2039.2223,2017-02-28 12:00:00
1488261600,135350,138990,135194,137940,8810.912,2017-02-28 18:00:00
1488283200,137990,138300,137000,137190,3474.217,2017-03-01 00:00:00
1488304800,137190,138370,135500,137999,4292.3154,2017-03-01 06:00:00
1488326400,137999,139090,137903,138711,2683.7214,2017-03-01 12:00:00
1488348000,138711,139340,138619,139150,4341.0376,2017-03-01 18:00:00
1488369600,139149,139600,138946,139300,4407.0996,2017-03-02 00:00:00
1488391200,139282,142575,139280,142040,5378.004,2017-03-02 06:00:00
1488412800,142040,144070,141930,144030,4838.3984,2017-03-02 12:00:00
1488434400,144000,144900,142635,143910,7143.813,2017-03-02 18:00:00
1488456000,144192,144510,143681,144400,3858.328,2017-03-03 00:00:00
1488477600,144413,148600,144001,148600,6067.097,2017-03-03 06:00:00
1488499200,148600,148800,146590,147872,8584.938,2017-03-03 12:00:00
1488520800,147820,149697,147100,147699,9496.226,2017-03-03 18:00:00
1488542400,147699,150000,147462,149500,4559.9556,2017-03-04 00:00:00
1488564000,149500,150000,148015,149340,5369.4663,2017-03-04 06:00:00
1488585600,149380,149390,148015,148937,1416.0995,2017-03-04 12:00:00
1488607200,148999,149881,148999,149640,2203.6282,2017-03-04 18:00:00
1488628800,149640,149799,149001,149034,1828.0214,2017-03-05 00:00:00
1488650400,149034,149080,143500,146890,7764.7803,2017-03-05 06:00:00
1488672000,146890,148480,146780,147864,1803.5905,2017-03-05 12:00:00
1488693600,147864,148100,147200,147428,2453.9949,2017-03-05 18:00:00
1488715200,147428,147988,145491,146600,3452.5654,2017-03-06 00:00:00
1488736800,146560,147630,146240,147236,2840.4597,2017-03-06 06:00:00
1488758400,147190,148000,147073,147950,1592.6013,2017-03-06 12:00:00
1488780000,147950,148925,147691,148327,3302.5217,2017-03-06 18:00:00
1488801600,148360,148825,148251,148261,2250.271,2017-03-07 00:00:00
1488823200,148350,148839,148250,148471,3128.3025,2017-03-07 06:00:00
1488844800,148395,148720,147879,148211,4524.784,2017-03-07 12:00:00
1488866400,148240,148500,147630,147900,2778.251,2017-03-07 18:00:00
1488888000,147930,148264,144093,145001,6399.7207,2017-03-08 00:00:00
1488909600,145000,146404,144016,145800,4947.6914,2017-03-08 06:00:00
1488931200,145808,145849,140811,142801,4103.124,2017-03-08 12:00:00
1488952800,142849,144131,133000,138208,11069.773,2017-03-08 18:00:00
1488974400,138280,145600,134002,142200,15746.644,2017-03-09 00:00:00
1488996000,142200,142690,137861,139430,12556.119,2017-03-09 06:00:00
1489017600,139420,139770,135001,135625,3459.1172,2017-03-09 12:00:00
1489039200,135625,137701,134923,137700,5225.294,2017-03-09 18:00:00
1489060800,137749,140656,135700,136711,6599.1133,2017-03-10 00:00:00
1489082400,136705,139730,136490,138973,4977.303,2017-03-10 06:00:00
1489104000,139019,139500,138461,138800,1274.4053,2017-03-10 12:00:00
1489125600,138790,140300,138761,139248,4244.469,2017-03-10 18:00:00
1489147200,139077,140100,137300,139313,5057.2314,2017-03-11 00:00:00
1489168800,139325,147600,138907,144670,8704.234,2017-03-11 06:00:00
1489190400,144791,146600,128431,135200,8927.319,2017-03-11 12:00:00
1489212000,135123,139800,134658,138005,5048.9224,2017-03-11 18:00:00
1489233600,138000,140920,137553,139001,4097.872,2017-03-12 00:00:00
1489255200,139270,140010,138411,138550,2702.412,2017-03-12 06:00:00
1489276800,138550,139590,137600,138360,2606.9885,2017-03-12 12:00:00
1489298400,138370,139210,138316,138969,1506.6228,2017-03-12 18:00:00
1489320000,138968,139230,138500,138908,2368.7227,2017-03-13 00:00:00
1489341600,138988,143486,138881,142913,3468.525,2017-03-13 06:00:00
1489363200,142999,144281,142700,143761,2281.2363,2017-03-13 12:00:00
1489384800,143780,145000,143320,144425,4015.5537,2017-03-13 18:00:00
1489406400,144425,144999,143500,144850,2890.1985,2017-03-14 00:00:00
1489428000,144869,145793,143852,144700,4236.3228,2017-03-14 06:00:00
1489449600,144700,145460,144613,145330,1392.6888,2017-03-14 12:00:00
1489471200,145360,145650,144727,144903,2559.8928,2017-03-14 18:00:00
1489492800,144909,145270,143851,145000,3538.2542,2017-03-15 00:00:00
1489514400,144999,145500,144600,145246,2445.6716,2017-03-15 06:00:00
1489536000,145248,145500,144470,144675,2553.3174,2017-03-15 12:00:00
1489557600,144681,145200,144600,145014,2546.7285,2017-03-15 18:00:00
1489579200,145027,145530,144859,145465,3159.9497,2017-03-16 00:00:00
1489600800,145500,145610,144380,144660,2905.2546,2017-03-16 06:00:00
1489622400,144630,145348,143800,145150,2436.58,2017-03-16 12:00:00
1489644000,145180,145214,142700,143149,3216.1592,2017-03-16 18:00:00
1489665600,143325,143914,141335,142101,4733.9927,2017-03-17 00:00:00
1489687200,142170,142361,140070,140860,3675.1465,2017-03-17 06:00:00
1489708800,140850,140860,132640,137300,6346.2764,2017-03-17 12:00:00
1489730400,137300,137588,130119,134554,7459.67,2017-03-17 18:00:00
1489752000,134554,137000,130800,134851,6494.103,2017-03-18 00:00:00
1489773600,134913,136110,132419,132646,3094.0159,2017-03-18 06:00:00
1489795200,132612,132790,125000,125510,4914.009,2017-03-18 12:00:00
1489816800,125528,129610,123456,124571,5743.4834,2017-03-18 18:00:00
1489838400,124600,127500,124060,126230,4786.611,2017-03-19 00:00:00
1489860000,126150,126420,111227,116826,10348.872,2017-03-19 06:00:00
1489881600,116837,117000,105001,108898,6753.75,2017-03-19 12:00:00
1489903200,108898,117000,108855,116104,8018.878,2017-03-19 18:00:00
1489924800,116104,117380,113343,116420,5525.5786,2017-03-20 00:00:00
1489946400,116420,124430,115529,123250,4548.7554,2017-03-20 06:00:00
1489968000,123250,128400,119261,120051,3597.0906,2017-03-20 12:00:00
1489989600,120057,124694,119750,123815,4660.0547,2017-03-20 18:00:00
1490011200,123816,124123,121189,122689,4689.807,2017-03-21 00:00:00
1490032800,122703,122950,121189,122437,5302.4243,2017-03-21 06:00:00
1490054400,122440,122981,120787,121650,2639.918,2017-03-21 12:00:00
1490076000,121640,127140,121586,125589,5461.0117,2017-03-21 18:00:00
1490097600,125589,126370,124400,126012,4007.8872,2017-03-22 00:00:00
1490119200,126039,127371,124800,126560,4721.102,2017-03-22 06:00:00
1490140800,126560,127786,124900,127454,4349.4775,2017-03-22 12:00:00
1490162400,127389,127475,125030,126280,4198.631,2017-03-22 18:00:00
1490184000,126225,126312,118872,120944,7015.9297,2017-03-23 00:00:00
1490205600,120891,120891,115000,116080,8871.745,2017-03-23 06:00:00
1490227200,116140,120222,113549,118830,5561.4517,2017-03-23 12:00:00
1490248800,118793,119380,115201,115840,5759.8286,2017-03-23 18:00:00
1490270400,115840,119460,114900,118580,7341.3286,2017-03-24 00:00:00
1490292000,118581,119460,115910,116680,5315.3594,2017-03-24 06:00:00
1490313600,116680,117012,115300,115810,5457.8643,2017-03-24 12:00:00
1490335200,115820,116249,112800,113962,7318.3823,2017-03-24 18:00:00
1490356800,113962,114530,110001,110423,4715.261,2017-03-25 00:00:00
1490378400,110423,111500,107290,109281,6548.269,2017-03-25 06:00:00
1490400000,109281,109587,102240,103210,5790.923,2017-03-25 12:00:00
1490421600,103290,105500,99810,99828,4928.2563,2017-03-25 18:00:00
1490443200,100066,105203,98570,101399,6599.655,2017-03-26 00:00:00
1490464800,101429,106230,101117,105616,6416.064,2017-03-26 06:00:00
1490486400,105725,111170,104751,110584,4580.151,2017-03-26 12:00:00
1490508000,110565,111500,107000,108334,6050.017,2017-03-26 18:00:00
1490529600,108400,109030,105768,107750,5392.608,2017-03-27 00:00:00
1490551200,107750,111900,107720,110885,5651.44,2017-03-27 06:00:00
1490572800,110979,111200,106930,108213,3629.9775,2017-03-27 12:00:00
1490594400,108200,109944,107097,109002,5072.1147,2017-03-27 18:00:00
1490616000,109045,111122,109001,110382,4310.5054,2017-03-28 00:00:00
1490637600,110403,115293,110240,114396,6358.782,2017-03-28 06:00:00
1490659200,114420,117201,112924,117000,3600.8184,2017-03-28 12:00:00
1490680800,117001,117239,115761,116436,4390.965,2017-03-28 18:00:00
1490702400,116436,119777,116388,119498,4966.8657,2017-03-29 00:00:00
1490724000,119498,119601,117300,117472,3563.2822,2017-03-29 06:00:00
1490745600,117476,118610,114800,117750,2850.0334,2017-03-29 12:00:00
1490767200,117750,117758,113807,116137,7093.2803,2017-03-29 18:00:00
1490788800,116137,119700,114064,118240,5061.7534,2017-03-30 00:00:00
1490810400,118224,118300,115635,115772,2921.4734,2017-03-30 06:00:00
1490832000,115739,117120,115000,116610,1292.4149,2017-03-30 12:00:00
1490853600,116606,117800,116449,117265,3844.091,2017-03-30 18:00:00
1490875200,117265,117600,115619,116255,3878.1355,2017-03-31 00:00:00
1490896800,116270,116569,115000,116090,2264.0715,2017-03-31 06:00:00
1490918400,116112,116610,115630,116438,1381.4751,2017-03-31 12:00:00
1490940000,116433,118567,116421,118194,4044.4788,2017-03-31 18:00:00
1490961600,118194,118630,117300,117797,3298.175,2017-04-01 00:00:00
1490983200,117798,118170,117251,117481,1457.9038,2017-04-01 06:00:00
1491004800,120000,121826,119300,121339,2174.9736,2017-04-01 12:00:00
1491026400,121331,121640,120500,121140,2358.502,2017-04-01 18:00:00
1491048000,121075,124197,121040,122723,3983.5554,2017-04-02 00:00:00
1491069600,122883,123746,120690,121381,3215.0205,2017-04-02 06:00:00
1491091200,121378,123010,121110,122797,1371.4152,2017-04-02 12:00:00
1491112800,122800,122864,122000,122460,1656.5142,2017-04-02 18:00:00
1491134400,122460,123330,122222,122350,1968.7158,2017-04-03 00:00:00
1491156000,122321,123000,121740,122415,1843.4584,2017-04-03 06:00:00
1491177600,122462,123189,122024,122925,1298.8793,2017-04-03 12:00:00
1491199200,122925,128410,122870,128232,4218.098,2017-04-03 18:00:00
1491220800,128176,128430,125907,127176,3776.5344,2017-04-04 00:00:00
1491242400,127183,128037,127082,127510,3673.1604,2017-04-04 06:00:00
1491264000,127511,128814,127069,128200,6744.3203,2017-04-04 12:00:00
1491285600,128216,128851,127447,127890,5255.0596,2017-04-04 18:00:00
1491307200,127897,128600,127700,127961,4603.3096,2017-04-05 00:00:00
1491328800,127990,128200,125935,127040,4620.3716,2017-04-05 06:00:00
1491350400,127113,128488,126946,128488,1683.4224,2017-04-05 12:00:00
1491372000,128492,128749,127700,128295,2315.4414,2017-04-05 18:00:00
1491393600,128298,128480,127001,127424,4252.5254,2017-04-06 00:00:00
1491415200,127412,128070,127091,127093,1949.4556,2017-04-06 06:00:00
1491436800,127093,127948,127090,127515,1581.24,2017-04-06 12:00:00
1491458400,127515,129000,127470,128895,3927.046,2017-04-06 18:00:00
1491480000,128879,131960,128553,131930,3136.3176,2017-04-07 00:00:00
1491501600,131930,131930,130029,131180,2573.6511,2017-04-07 06:00:00
1491523200,131175,134719,131142,133491,4630.777,2017-04-07 12:00:00
1491544800,133539,134000,131000,131339,3954.6484,2017-04-07 18:00:00
1491566400,131332,134350,131300,133248,2740.5662,2017-04-08 00:00:00
1491588000,133101,133900,132571,133440,1810.6818,2017-04-08 06:00:00
1491609600,133390,134700,133369,134217,1104.9114,2017-04-08 12:00:00
1491631200,134243,134550,134208,134468,2135.6223,2017-04-08 18:00:00
1491652800,134415,134500,133600,134439,1868.1517,2017-04-09 00:00:00
1491674400,134440,134599,133782,133824,2548.5046,2017-04-09 06:00:00
1491696000,133831,133900,132935,133730,1182.4559,2017-04-09 12:00:00
1491717600,133700,133890,133010,133100,1229.7762,2017-04-09 18:00:00
1491739200,133101,133300,132400,132550,2441.5579,2017-04-10 00:00:00
1491760800,132550,135878,132504,135604,2935.2532,2017-04-10 06:00:00
1491782400,135660,135981,134671,135049,1156.058,2017-04-10 12:00:00
1491804000,135049,135500,134500,135002,1865.086,2017-04-10 18:00:00
1491825600,135001,135855,135001,135699,1331.8784,2017-04-11 00:00:00
1491847200,135698,135820,135026,135140,1225.58,2017-04-11 06:00:00
1491868800,135110,135328,134872,135100,1052.5514,2017-04-11 12:00:00
1491890400,135100,135480,134872,135077,3927.556,2017-04-11 18:00:00
1491912000,135077,135431,134876,135250,1179.4982,2017-04-12 00:00:00
1491933600,135252,135795,134874,135707,2052.4065,2017-04-12 06:00:00
1491955200,135709,135880,135200,135300,886.4445,2017-04-12 12:00:00
1491976800,135300,135800,135200,135425,1586.6022,2017-04-12 18:00:00
1491998400,135426,135675,135282,135339,2232.6545,2017-04-13 00:00:00
1492020000,135339,135660,134900,135051,1976.2538,2017-04-13 06:00:00
1492041600,135050,135310,133000,133100,2867.2175,2017-04-13 12:00:00
1492063200,133140,134174,133100,133811,3678.7363,2017-04-13 18:00:00
1492084800,133773,133799,130750,131920,6153.6763,2017-04-14 00:00:00
1492106400,131866,132124,127940,128775,3165.58,2017-04-14 06:00:00
1492128000,128775,130660,128420,130120,1603.0918,2017-04-14 12:00:00
1492149600,130197,131855,130070,131475,1437.67,2017-04-14 18:00:00
1492171200,131453,132600,130201,130430,3205.8806,2017-04-15 00:00:00
1492192800,130417,131839,130401,131693,2273.2024,2017-04-15 06:00:00
1492214400,131727,131900,131224,131478,1388.9714,2017-04-15 12:00:00
1492236000,131478,131723,131476,131540,1559.1621,2017-04-15 18:00:00
1492257600,131540,132041,131481,131750,1093.3138,2017-04-16 00:00:00
1492279200,131722,133230,131640,132902,1618.558,2017-04-16 06:00:00
1492300800,132950,133218,131478,131499,1449.0778,2017-04-16 12:00:00
1492322400,131500,132560,131477,132310,1328.1068,2017-04-16 18:00:00
1492344000,132310,132489,131940,131940,1929.1759,2017-04-17 00:00:00
1492365600,131953,132330,131555,132225,1268.2965,2017-04-17 06:00:00
1492387200,132225,132592,131700,131851,766.5343,2017-04-17 12:00:00
1492408800,131851,132149,131531,132000,1868.3231,2017-04-17 18:00:00
1492430400,132039,132200,131867,132040,1491.1963,2017-04-18 00:00:00
1492452000,131980,133500,131900,132260,2827.9983,2017-04-18 06:00:00
1492473600,132260,133186,132170,132700,1328.1204,2017-04-18 12:00:00
1492495200,132700,133560,132683,133150,2491.3528,2017-04-18 18:00:00
1492516800,133280,133765,133090,133599,1529.2737,2017-04-19 00:00:00
1492538400,133599,133910,133100,133180,1484.8069,2017-04-19 06:00:00
1492560000,133115,133470,132540,132686,1907.6359,2017-04-19 12:00:00
1492581600,132705,133784,132500,133600,1500.9691,2017-04-19 18:00:00
1492603200,133600,133600,133055,133370,1000.7421,2017-04-20 00:00:00
1492624800,133370,133474,133130,133301,1236.4697,2017-04-20 06:00:00
1492646400,133355,133500,133300,133457,1769.4695,2017-04-20 12:00:00
1492668000,133477,134559,133310,134380,1831.8129,2017-04-20 18:00:00
1492689600,134380,134681,134150,134249,1288.332,2017-04-21 00:00:00
1492711200,134270,136540,134221,135870,2179.6138,2017-04-21 06:00:00
1492732800,135870,136500,135663,136450,1447.0414,2017-04-21 12:00:00
1492754400,136450,138550,136421,138324,2137.7087,2017-04-21 18:00:00
1492776000,138200,138725,137650,138449,1790.1642,2017-04-22 00:00:00
1492797600,138449,138690,136950,137725,1123.0466,2017-04-22 06:00:00
1492819200,137725,138150,137433,138146,1113.361,2017-04-22 12:00:00
1492840800,138131,138300,137800,137912,1076.7825,2017-04-22 18:00:00
1492862400,137912,138034,136650,136701,1135.4126,2017-04-23 00:00:00
1492884000,136702,137210,134590,136710,2612.0361,2017-04-23 06:00:00
1492905600,136714,138000,136630,137631,1358.1613,2017-04-23 12:00:00
1492927200,137656,137819,136826,136886,1248.3273,2017-04-23 18:00:00
1492948800,136886,137500,136829,137399,630.70905,2017-04-24 00:00:00
1492970400,137213,137753,136844,137048,829.47833,2017-04-24 06:00:00
1492992000,137048,138015,137047,137958,1050.0057,2017-04-24 12:00:00
1493013600,137981,138500,137723,138474,1561.9851,2017-04-24 18:00:00
1493035200,138500,138751,137903,138365,1871.7786,2017-04-25 00:00:00
1493056800,138440,138529,138000,138400,991.6956,2017-04-25 06:00:00
1493078400,138431,138500,138100,138140,412.53763,2017-04-25 12:00:00
1493100000,138195,139000,138173,138855,995.0889,2017-04-25 18:00:00
1493121600,138855,140850,138502,139900,1596.3347,2017-04-26 00:00:00
1493143200,139900,141950,139802,141630,1399.9285,2017-04-26 06:00:00
1493164800,141563,141720,141340,141693,464.8019,2017-04-26 12:00:00
1493186400,141692,143333,141513,143001,1989.1876,2017-04-26 18:00:00
1493208000,143001,143692,142800,143670,2344.5662,2017-04-27 00:00:00
1493229600,143610,144970,143412,144810,1874.7882,2017-04-27 06:00:00
1493251200,144710,144920,142819,144287,1109.458,2017-04-27 12:00:00
1493272800,144279,145500,143900,145500,1964.7545,2017-04-27 18:00:00
1493294400,145499,146000,145250,145876,2197.5295,2017-04-28 00:00:00
1493316000,145876,148221,145528,146470,0,2017-04-28 06:00:00
1493337600,146506,148200,146130,147999,0,2017-04-28 12:00:00
1493359200,147999,149410,147190,149081,0,2017-04-28 18:00:00
1493380800,149082,149140,144328,146320,0,2017-04-29 00:00:00
1493402400,146280,148650,145846,147660,0,2017-04-29 06:00:00
1493424000,147572,149097,145820,149000,0,2017-04-29 12:00:00
1493445600,149000,149200,147590,147900,1750.3285,2017-04-29 18:00:00
1493467200,147900,148024,146810,147360,1193.4309,2017-04-30 00:00:00
1493488800,147360,147737,147100,147670,393.5764,2017-04-30 06:00:00
1493510400,147673,148000,147501,147810,329.689,2017-04-30 12:00:00
1493532000,147810,147940,147006,147746,661.25275,2017-04-30 18:00:00
1493553600,147746,148000,147360,147760,525.5997,2017-05-01 00:00:00
1493575200,147800,148610,147541,148434,1216.5532,2017-05-01 06:00:00
1493596800,148434,150000,147951,149740,1787.6501,2017-05-01 12:00:00
1493618400,149852,153900,149742,153840,4279.8887,2017-05-01 18:00:00
1493640000,153812,153840,152200,153600,1794.2502,2017-05-02 00:00:00
1493661600,153599,168000,153500,160100,7512.5933,2017-05-02 06:00:00
1493683200,160300,163754,160000,161300,2158.153,2017-05-02 12:00:00
1493704800,161442,164710,161189,164600,3919.788,2017-05-02 18:00:00
1493726400,164709,167978,164700,166698,4041.6997,2017-05-03 00:00:00
1493748000,166800,167790,165606,165979,2458.5593,2017-05-03 06:00:00
1493769600,166145,167000,161400,166426,2327.4373,2017-05-03 12:00:00
1493791200,166460,169000,166273,166525,2721.5972,2017-05-03 18:00:00
1493812800,166525,168240,165660,166999,2169.5286,2017-05-04 00:00:00
1493834400,166999,167660,165505,167660,1547.5012,2017-05-04 06:00:00
1493856000,167660,169988,167000,169759,1609.2979,2017-05-04 12:00:00
1493877600,169800,172180,169600,171701,2888.8535,2017-05-04 18:00:00
1493899200,171701,177000,171450,176887,2487.1345,2017-05-05 00:00:00
1493920800,176887,180967,175312,180909,2611.8674,2017-05-05 06:00:00
1493942400,180909,185000,161980,176975,7433.937,2017-05-05 12:00:00
1493964000,176953,182000,175830,181350,2871.3564,2017-05-05 18:00:00
1493985600,181350,183410,176350,179974,3859.7356,2017-05-06 00:00:00
1494007200,179973,181450,171245,177105,3663.5725,2017-05-06 06:00:00
1494028800,177105,178575,172700,175097,2430.5818,2017-05-06 12:00:00
1494050400,175097,177500,174600,176185,1420.1472,2017-05-06 18:00:00
1494072000,176185,177949,175300,177925,1165.4662,2017-05-07 00:00:00
1494093600,177610,177902,173248,176199,1210.2607,2017-05-07 06:00:00
1494115200,176199,177587,175500,177580,565.60364,2017-05-07 12:00:00
1494136800,177580,177888,176250,176889,1136.4178,2017-05-07 18:00:00
1494158400,176889,180000,176250,178350,2160.3057,2017-05-08 00:00:00
1494180000,178350,178510,176720,178115,1000.5612,2017-05-08 06:00:00
1494201600,178115,183810,177900,182449,1717.2383,2017-05-08 12:00:00
1494223200,182449,192710,182448,192710,6049.7495,2017-05-08 18:00:00
1494244800,192710,199850,191750,195600,6434.977,2017-05-09 00:00:00
1494266400,195600,196000,193300,193809,3713.57,2017-05-09 06:00:00
1494288000,193800,199222,193630,198772,2554.689,2017-05-09 12:00:00
1494309600,198800,214000,197600,203470,8711.489,2017-05-09 18:00:00
1494331200,203393,210210,202729,209488,3913.8755,2017-05-10 00:00:00
1494352800,209479,210970,207170,209682,2988.396,2017-05-10 06:00:00
1494374400,209787,210852,204500,208999,2319.1943,2017-05-10 12:00:00
1494396000,208999,210840,208902,210150,3605.386,2017-05-10 18:00:00
1494417600,210125,214170,209787,214090,2807.6902,2017-05-11 00:00:00
1494439200,214091,216778,213001,214733,3181.3977,2017-05-11 06:00:00
1494460800,214733,215550,211941,214560,2234.108,2017-05-11 12:00:00
1494482400,214561,214800,211106,214323,3230.1248,2017-05-11 18:00:00
1494504000,214800,216980,213660,216500,2886.3853,2017-05-12 00:00:00
1494525600,216325,216583,214323,215252,1826.5452,2017-05-12 06:00:00
1494547200,215260,215834,213000,214851,1464.2607,2017-05-12 12:00:00
1494568800,214878,215730,207540,212086,3343.863,2017-05-12 18:00:00
1494590400,212086,214200,211380,212998,1843.0348,2017-05-13 00:00:00
1494612000,212903,213450,208030,208989,2667.3708,2017-05-13 06:00:00
1494633600,208988,209600,195765,196404,4576.0312,2017-05-13 12:00:00
1494655200,196500,202010,185750,199774,7834.3867,2017-05-13 18:00:00
1494676800,199787,204274,194001,203530,3416.122,2017-05-14 00:00:00
1494698400,203530,204010,198491,201841,2058.962,2017-05-14 06:00:00
1494720000,201850,208649,201603,207641,1631.208,2017-05-14 12:00:00
1494741600,207720,212510,207500,211130,1832.8695,2017-05-14 18:00:00
1494763200,211140,213500,209950,210085,1640.2224,2017-05-15 00:00:00
1494784800,210150,211400,206470,207460,1860.6984,2017-05-15 06:00:00
1494806400,207540,212111,207021,211700,966.95496,2017-05-15 12:00:00
1494828000,211699,211898,205700,208140,2852.768,2017-05-15 18:00:00
1494849600,208140,209190,204250,207855,2998.9624,2017-05-16 00:00:00
1494871200,207861,208325,203462,205744,3688.6719,2017-05-16 06:00:00
1494892800,205757,208699,203020,207000,2328.5405,2017-05-16 12:00:00
1494914400,207214,207358,204451,205830,3048.066,2017-05-16 18:00:00
1494936000,205825,207266,204355,207105,2664.046,2017-05-17 00:00:00
1494957600,207105,208544,206334,208209,2620.0405,2017-05-17 06:00:00
1494979200,208150,208267,206291,207453,1439.4495,2017-05-17 12:00:00
1495000800,207500,213609,207500,213212,4218.1997,2017-05-17 18:00:00
1495022400,213129,221782,213129,219981,5149.723,2017-05-18 00:00:00
1495044000,219713,221960,215000,215000,3381.276,2017-05-18 06:00:00
1495065600,215332,216888,210199,214743,3045.3308,2017-05-18 12:00:00
1495087200,214743,218810,214501,218547,3327.2063,2017-05-18 18:00:00
1495108800,218557,219740,216197,217681,2733.5662,2017-05-19 00:00:00
1495130400,217688,219995,217237,218936,2586.3594,2017-05-19 06:00:00
1495152000,219224,225555,217930,225554,2947.8337,2017-05-19 12:00:00
1495173600,225554,232500,225501,228051,5289.8105,2017-05-19 18:00:00
1495195200,228121,233905,228051,231580,3248.1072,2017-05-20 00:00:00
1495216800,231550,233980,228231,228921,3976.3408,2017-05-20 06:00:00
1495238400,229060,234430,227790,233001,1743.8257,2017-05-20 12:00:00
1495260000,233180,239940,233167,239510,3308.7974,2017-05-20 18:00:00
1495281600,239510,240230,238000,239800,1738.3536,2017-05-21 00:00:00
1495303200,239800,240500,238585,240138,1554.3219,2017-05-21 06:00:00
1495324800,240430,298800,239600,259000,7662.4414,2017-05-21 12:00:00
1495346400,259000,275810,254160,256190,4200.7163,2017-05-21 18:00:00
1495368000,256200,265379,256162,263000,3207.9897,2017-05-22 00:00:00
1495389600,263001,263999,249311,254195,4279.0415,2017-05-22 06:00:00
1495411200,254195,261260,253000,261260,1754.0432,2017-05-22 12:00:00
1495432800,261294,283480,260570,279198,6848.6143,2017-05-22 18:00:00
1495454400,279199,284630,277313,282665,6444.8335,2017-05-23 00:00:00
1495476000,282650,285695,275750,276467,2813.5186,2017-05-23 06:00:00
1495497600,276467,282775,271796,277713,2656.3362,2017-05-23 12:00:00
1495519200,277722,288499,272200,288000,5347.268,2017-05-23 18:00:00
1495540800,288013,298500,285500,298026,4469.129,2017-05-24 00:00:00
1495562400,298031,300000,291181,293269,3894.0286,2017-05-24 06:00:00
1495584000,294086,297969,286548,295014,2870.5776,2017-05-24 12:00:00
1495605600,295014,299359,293830,298900,5229.3877,2017-05-24 18:00:00
1495627200,298900,303860,298000,301699,4563.632,2017-05-25 00:00:00
1495648800,301672,302330,297472,300960,3726.6343,2017-05-25 06:00:00
1495670400,300960,303570,297000,302905,2923.0554,2017-05-25 12:00:00
1495692000,303165,347789,302901,332700,8795.967,2017-05-25 18:00:00
1495713600,332701,335413,328911,332900,4223.6675,2017-05-26 00:00:00
1495735200,332681,335270,287612,314997,4415.69,2017-05-26 06:00:00
1495756800,315498,327090,232000,280000,6147.511,2017-05-26 12:00:00
1495778400,279999,310123,269594,302363,7394.3677,2017-05-26 18:00:00
1495800000,302363,304940,289430,297551,3975.4497,2017-05-27 00:00:00
1495821600,297512,298500,259999,264305,7332.0664,2017-05-27 06:00:00
1495843200,264376,280050,235000,268999,5104.3037,2017-05-27 12:00:00
1495864800,269000,269429,217501,217501,5607.131,2017-05-27 18:00:00
1495886400,217501,259000,203690,247487,7834.345,2017-05-28 00:00:00
1495908000,244914,255000,232000,247500,4229.1177,2017-05-28 06:00:00
1495929600,247500,257000,239000,255989,2287.5522,2017-05-28 12:00:00
1495951200,255989,275000,255699,263001,5006.416,2017-05-28 18:00:00
1495972800,263300,276649,262000,270540,3837.001,2017-05-29 00:00:00
1495994400,270082,274170,250000,256989,3580.5073,2017-05-29 06:00:00
1496016000,256733,269000,251830,265257,2152.4666,2017-05-29 12:00:00
1496037600,265257,270249,261800,266212,3130.1628,2017-05-29 18:00:00
1496059200,266221,271000,263540,267567,2277.1567,2017-05-30 00:00:00
1496080800,267985,269480,263777,266751,1492.8317,2017-05-30 06:00:00
1496102400,266756,281400,266711,273597,2300.8513,2017-05-30 12:00:00
1496124000,273870,275000,268210,274087,3748.0154,2017-05-30 18:00:00
1496145600,274157,276000,272890,273880,1771.6381,2017-05-31 00:00:00
1496167200,273842,274300,264000,267670,2783.2324,2017-05-31 06:00:00
1496188800,267820,269240,254376,259570,3108.3813,2017-05-31 12:00:00
1496210400,261000,266000,259000,262859,3352.8616,2017-05-31 18:00:00
1496232000,262859,269989,262815,268500,2392.8896,2017-06-01 00:00:00
1496253600,268700,269200,261500,263940,2695.72,2017-06-01 06:00:00
1496275200,263997,268400,261490,265000,1149.9614,2017-06-01 12:00:00
1496296800,265000,270000,263999,268487,2668.7024,2017-06-01 18:00:00
1496318400,268487,274879,267850,274805,2259.586,2017-06-02 00:00:00
1496340000,274805,279000,266701,268500,3747.8997,2017-06-02 06:00:00
1496361600,268500,274500,268070,272999,1680.0243,2017-06-02 12:00:00
1496383200,272999,277998,269070,277300,2747.344,2017-06-02 18:00:00
1496404800,277298,278690,274621,275970,3708.5134,2017-06-03 00:00:00
1496426400,275970,276529,270680,273900,2672.0994,2017-06-03 06:00:00
1496448000,274439,278570,272800,278000,1234.7114,2017-06-03 12:00:00
1496469600,277999,281420,275000,277685,2221.8728,2017-06-03 18:00:00
1496491200,277685,280550,277230,280399,1307.4564,2017-06-04 00:00:00
1496512800,280399,287300,278510,287000,2561.8127,2017-06-04 06:00:00
1496534400,287114,292300,283570,287500,2249.5425,2017-06-04 12:00:00
1496556000,287787,288850,283509,285372,2144.5825,2017-06-04 18:00:00
1496577600,285594,287600,283500,287125,1343.9019,2017-06-05 00:00:00
1496599200,287199,287340,284846,285022,1121.1594,2017-06-05 06:00:00
1496620800,285011,286550,284200,285962,1097.6757,2017-06-05 12:00:00
1496642400,286000,291000,285810,290100,2316.151,2017-06-05 18:00:00
1496664000,290095,293650,290011,292071,1716.1736,2017-06-06 00:00:00
1496685600,292100,296530,291710,295671,1810.535,2017-06-06 06:00:00
1496707200,295990,305710,295190,303600,3293.3745,2017-06-06 12:00:00
1496728800,303600,322900,303401,318409,6746.367,2017-06-06 18:00:00
1496750400,318409,319449,311000,317001,3708.1516,2017-06-07 00:00:00
1496772000,317170,322616,306500,309580,3621.164,2017-06-07 06:00:00
1496793600,309580,319000,308500,318988,1088.1718,2017-06-07 12:00:00
1496815200,318960,319000,315500,317141,1525.4562,2017-06-07 18:00:00
1496836800,317115,317500,306500,311013,5714.7456,2017-06-08 00:00:00
1496858400,311362,313277,303999,309335,2969.58,2017-06-08 06:00:00
1496880000,309487,309860,288933,294580,4438.062,2017-06-08 12:00:00
1496901600,294280,307611,288000,307530,4466.4814,2017-06-08 18:00:00
1496923200,307304,310990,305000,305200,3012.3865,2017-06-09 00:00:00
1496944800,305101,306499,298040,302983,2694.2676,2017-06-09 06:00:00
1496966400,303257,310000,301777,308770,1548.0144,2017-06-09 12:00:00
1496988000,308990,313940,308660,313000,1460.6094,2017-06-09 18:00:00
1497009600,311359,313800,309080,310430,1185.1411,2017-06-10 00:00:00
1497031200,310431,314710,310158,312970,2004.4071,2017-06-10 06:00:00
1497052800,312980,314338,311400,313000,985.35443,2017-06-10 12:00:00
1497074400,312810,314380,312501,313506,1117.6892,2017-06-10 18:00:00
1497096000,313600,318133,312802,317605,1602.2533,2017-06-11 00:00:00
1497117600,317800,321795,316501,318360,2515.996,2017-06-11 06:00:00
1497139200,318640,319999,316253,319299,1829.0764,2017-06-11 12:00:00
1497160800,319299,323903,318960,322200,2561.1802,2017-06-11 18:00:00
1497182400,322300,322488,319501,320100,1369.128,2017-06-12 00:00:00
1497204000,320100,325160,319880,324270,1759.9032,2017-06-12 06:00:00
1497225600,324380,329999,323861,329050,1429.7253,2017-06-12 12:00:00
1497247200,329050,338300,327390,333000,4621.1685,2017-06-12 18:00:00
1497268800,333103,333310,309363,312800,6194.4014,2017-06-13 00:00:00
1497290400,313545,320010,295000,304102,6202.116,2017-06-13 06:00:00
1497312000,305038,317810,296500,312775,3636.6196,2017-06-13 12:00:00
1497333600,312499,314000,300058,306299,5130.0264,2017-06-13 18:00:00
1497355200,306299,312479,304180,306249,3377.3533,2017-06-14 00:00:00
1497376800,306340,309500,304730,306500,1626.6486,2017-06-14 06:00:00
1497398400,306500,307999,302500,304130,1334.1389,2017-06-14 12:00:00
1497420000,304149,314000,303000,310699,2481.8362,2017-06-14 18:00:00
1497441600,310698,311090,305111,305501,2043.9803,2017-06-15 00:00:00
1497463200,305755,306511,285000,291475,6522.608,2017-06-15 06:00:00
1497484800,291500,293902,258400,287850,6099.148,2017-06-15 12:00:00
1497506400,287343,287899,270500,270500,5400.604,2017-06-15 18:00:00
1497528000,270490,275559,257735,261840,8250.055,2017-06-16 00:00:00
1497549600,261900,269111,250600,252010,7998.7,2017-06-16 06:00:00
1497571200,252010,288000,251261,283202,5445.7075,2017-06-16 12:00:00
1497592800,283209,284267,264816,279530,5998.9937,2017-06-16 18:00:00
1497614400,279650,288400,278900,280790,5028.8413,2017-06-17 00:00:00
1497636000,280790,283821,273727,281517,3905.8135,2017-06-17 06:00:00
1497657600,281517,285880,279500,284580,1279.5361,2017-06-17 12:00:00
1497679200,284739,286610,278700,285866,1923.3943,2017-06-17 18:00:00
1497700800,285877,297326,285100,294531,3898,2017-06-18 00:00:00
1497722400,294532,300800,291705,299445,2962.6978,2017-06-18 06:00:00
1497744000,299237,305051,298120,302002,1552.6547,2017-06-18 12:00:00
1497765600,302161,304999,295680,297170,2633.6536,2017-06-18 18:00:00
1497787200,297025,299590,288800,293625,3572.791,2017-06-19 00:00:00
1497808800,293624,297000,288888,289520,2184.199,2017-06-19 06:00:00
1497830400,289520,290820,282100,286299,2211.0176,2017-06-19 12:00:00
1497852000,286299,294650,286005,292650,3380.0408,2017-06-19 18:00:00
1497873600,292650,295430,286298,288770,2702.0996,2017-06-20 00:00:00
1497895200,288571,291000,285688,290500,1201.1069,2017-06-20 06:00:00
1497916800,290344,293719,286760,293601,633.9508,2017-06-20 12:00:00
1497938400,293704,298700,293098,295100,2474.788,2017-06-20 18:00:00
1497960000,294755,296550,292550,294540,1200.2073,2017-06-21 00:00:00
1497981600,294500,298178,293999,297400,964.08966,2017-06-21 06:00:00
1498003200,297970,300333,296000,296976,2611.1194,2017-06-21 12:00:00
1498024800,297854,307406,297854,304406,3250.6377,2017-06-21 18:00:00
1498046400,304406,305118,296908,304370,3441.7993,2017-06-22 00:00:00
1498068000,304178,305733,299000,302000,1732.3224,2017-06-22 06:00:00
1498089600,302000,304500,296587,299799,2072.7188,2017-06-22 12:00:00
1498111200,299799,304339,299799,300550,2445.8796,2017-06-22 18:00:00
1498132800,300500,302950,299300,301546,1820.8118,2017-06-23 00:00:00
1498154400,301621,303500,301095,303030,829.71814,2017-06-23 06:00:00
1498176000,302751,304000,301225,303101,665.6564,2017-06-23 12:00:00
1498197600,303101,309199,303101,307899,2415.8206,2017-06-23 18:00:00
1498219200,307899,308896,304501,308019,1840.4055,2017-06-24 00:00:00
1498240800,308019,308840,305394,307000,612.57916,2017-06-24 06:00:00
1498262400,306849,307230,305000,305599,439.138,2017-06-24 12:00:00
1498284000,305599,306900,305100,306350,402.40836,2017-06-24 18:00:00
1498305600,306350,307229,306100,306475,360.37964,2017-06-25 00:00:00
1498327200,306499,306698,295800,298000,2650.7869,2017-06-25 06:00:00
1498348800,297850,298359,286500,292500,3181.1267,2017-06-25 12:00:00
1498370400,292499,295240,285438,293706,2784.6074,2017-06-25 18:00:00
1498392000,294046,297500,290990,297100,1618.6016,2017-06-26 00:00:00
1498413600,297221,299380,293440,297820,2291.462,2017-06-26 06:00:00
1498435200,298140,298140,290001,293160,1529.9237,2017-06-26 12:00:00
1498456800,293394,298500,292701,296000,3282.8586,2017-06-26 18:00:00
1498478400,296075,296668,290765,291386,3044.941,2017-06-27 00:00:00
1498500000,291000,291930,268353,285122,7086.573,2017-06-27 06:00:00
1498521600,285122,291500,276000,287100,4996.7104,2017-06-27 12:00:00
1498543200,287100,289799,283300,287951,2820.5981,2017-06-27 18:00:00
1498564800,287951,288737,274400,274900,4658.998,2017-06-28 00:00:00
1498586400,274900,278689,262000,274965,7045.856,2017-06-28 06:00:00
1498608000,274965,284448,272550,284200,3136.4326,2017-06-28 12:00:00
1498629600,284200,284900,274500,278000,4086.0728,2017-06-28 18:00:00
1498651200,278000,283450,277828,283000,2460.7253,2017-06-29 00:00:00
1498672800,282652,287730,281260,284000,2886.1584,2017-06-29 06:00:00
1498694400,284000,290570,283340,288625,2026.6755,2017-06-29 12:00:00
1498716000,288625,291001,286150,287939,2191.7935,2017-06-29 18:00:00
1498737600,287526,291230,279900,284701,3499.3354,2017-06-30 00:00:00
1498759200,284702,289132,282370,286630,2156.0698,2017-06-30 06:00:00
1498780800,286631,287590,281410,284610,995.3567,2017-06-30 12:00:00
1498802400,284894,287780,281700,282589,2460.2822,2017-06-30 18:00:00
1498824000,282589,286749,282001,284463,2142.7825,2017-07-01 00:00:00
1498845600,284463,286000,279986,285162,2145.1282,2017-07-01 06:00:00
1498867200,285162,285569,281440,281633,1056.9045,2017-07-01 12:00:00
1498888800,281633,282000,278140,279580,1919.4508,2017-07-01 18:00:00
1498910400,279580,282530,279169,281751,1306.9325,2017-07-02 00:00:00
1498932000,281751,282070,278641,279296,999.86646,2017-07-02 06:00:00
1498953600,279350,280110,275930,276600,1621.7074,2017-07-02 12:00:00
1498975200,276876,276876,268100,273594,3774.155,2017-07-02 18:00:00
1498996800,273915,278740,272500,274038,2194.4297,2017-07-03 00:00:00
1499018400,274450,278200,271000,278200,1561.9998,2017-07-03 06:00:00
1499040000,278136,282839,277564,281330,2364.4756,2017-07-03 12:00:00
1499061600,281330,284499,280360,283200,2264.4966,2017-07-03 18:00:00
1499083200,283119,283238,280250,283107,2460.213,2017-07-04 00:00:00
1499104800,283107,289390,282870,287993,3938.9697,2017-07-04 06:00:00
1499126400,288106,290101,287254,287924,1601.2272,2017-07-04 12:00:00
1499148000,287907,298800,287090,294800,4090.1423,2017-07-04 18:00:00
1499169600,294800,297040,290040,293920,3193.927,2017-07-05 00:00:00
1499191200,293900,294300,287072,290592,2620.318,2017-07-05 06:00:00
1499212800,290592,293844,288419,292501,1523.4318,2017-07-05 12:00:00
1499234400,292501,292667,286220,289801,3453.4087,2017-07-05 18:00:00
1499256000,289801,289801,286575,288810,1850.2003,2017-07-06 00:00:00
1499277600,288783,293019,288430,292980,2106.255,2017-07-06 06:00:00
1499299200,292980,295800,291460,292127,1834.9644,2017-07-06 12:00:00
1499320800,292252,294500,292000,293019,2138.8677,2017-07-06 18:00:00
1499342400,293040,294210,290650,292600,2570.6843,2017-07-07 00:00:00
1499364000,292600,293760,291850,293020,1244.2344,2017-07-07 06:00:00
1499385600,293126,294710,292501,293850,1526.532,2017-07-07 12:00:00
1499407200,293900,294350,290520,292303,2368.8381,2017-07-07 18:00:00
1499428800,292303,292711,288490,288960,2407.5598,2017-07-08 00:00:00
1499450400,289355,289980,285432,289980,2469.2659,2017-07-08 06:00:00
1499472000,289960,290279,285560,288084,1653.5867,2017-07-08 12:00:00
1499493600,288121,288931,285693,288209,2028.4504,2017-07-08 18:00:00
1499515200,288196,289720,286826,288446,1182.0114,2017-07-09 00:00:00
1499536800,288446,291502,288414,290012,1473.095,2017-07-09 06:00:00
1499558400,290150,291988,289500,291821,944.3392,2017-07-09 12:00:00
1499580000,291943,293333,290660,290660,1445.1467,2017-07-09 18:00:00
1499601600,290724,291232,288911,290430,1432.7445,2017-07-10 00:00:00
1499623200,290439,291503,289500,291192,923.9157,2017-07-10 06:00:00
1499644800,291124,291500,288500,288855,1050.2136,2017-07-10 12:00:00
1499666400,288855,289750,287041,288192,2151.6978,2017-07-10 18:00:00
1499688000,288191,289590,286721,287330,2372.7134,2017-07-11 00:00:00
1499709600,287300,287689,275484,279792,6192.3203,2017-07-11 06:00:00
1499731200,279949,280341,267370,273753,4687.7817,2017-07-11 12:00:00
1499752800,273751,277930,267893,270590,4911.0273,2017-07-11 18:00:00
1499774400,270590,274330,268341,271400,4361.8037,2017-07-12 00:00:00
1499796000,271400,275373,270110,270310,2961.6982,2017-07-12 06:00:00
1499817600,270305,270310,265850,266592,2414.631,2017-07-12 12:00:00
1499839200,266770,267200,258888,264529,5539.9277,2017-07-12 18:00:00
1499860800,264401,271621,264070,269407,3462.8591,2017-07-13 00:00:00
1499882400,269400,273000,265746,272234,2088.6248,2017-07-13 06:00:00
1499904000,272215,274839,267720,272360,2053.5564,2017-07-13 12:00:00
1499925600,272360,276799,271453,272939,3042.2637,2017-07-13 18:00:00
1499947200,272862,273000,269400,270800,2178.5725,2017-07-14 00:00:00
1499968800,270800,271079,265000,265610,2365.2322,2017-07-14 06:00:00
1499990400,265569,269640,264489,267990,1937.042,2017-07-14 12:00:00
1500012000,267910,269000,263766,267710,2607.4773,2017-07-14 18:00:00
1500033600,267710,269940,266061,266239,1521.243,2017-07-15 00:00:00
1500055200,266086,266341,250600,252400,5843.3804,2017-07-15 06:00:00
1500076800,252400,255170,250000,253540,2492.9739,2017-07-15 12:00:00
1500098400,253575,254350,220000,235000,7600.573,2017-07-15 18:00:00
1500120000,235000,237779,227050,228994,4674.4165,2017-07-16 00:00:00
1500141600,229219,249000,217690,235951,10273.86,2017-07-16 06:00:00
1500163200,235951,243400,225310,226451,5199.7734,2017-07-16 12:00:00
1500184800,226451,232700,223100,228232,4258.643,2017-07-16 18:00:00
1500206400,228184,228480,210500,212410,5294.0054,2017-07-17 00:00:00
1500228000,212410,222770,206000,220200,6689.587,2017-07-17 06:00:00
1500249600,220495,220679,208000,216022,4180.0005,2017-07-17 12:00:00
1500271200,216022,224780,215190,221670,4836.183,2017-07-17 18:00:00
1500292800,221670,234370,221200,221851,7523.189,2017-07-18 00:00:00
1500314400,221500,242000,220869,238878,6124.104,2017-07-18 06:00:00
1500336000,238878,256218,238010,255000,5835.2944,2017-07-18 12:00:00
1500357600,255000,255400,241470,251320,6434.3115,2017-07-18 18:00:00
1500379200,251290,267431,248405,262900,6014.0757,2017-07-19 00:00:00
1500400800,262236,268000,257104,261804,6872.776,2017-07-19 06:00:00
1500422400,261804,267448,255720,258599,4676.7197,2017-07-19 12:00:00
1500444000,258857,262989,248120,262242,8201.548,2017-07-19 18:00:00
1500465600,262282,268000,260699,261988,5571.042,2017-07-20 00:00:00
1500487200,262049,264000,254366,254394,6609.162,2017-07-20 06:00:00
1500508800,254394,257470,251745,255500,5249.505,2017-07-20 12:00:00
1500530400,255500,263001,255222,261858,4301.038,2017-07-20 18:00:00
1500552000,262062,271500,259231,269769,4176.137,2017-07-21 00:00:00
1500573600,269610,293284,268000,288901,11913.983,2017-07-21 06:00:00
1500595200,288951,322584,281360,313945,11078.87,2017-07-21 12:00:00
1500616800,313945,315002,293281,303998,10200.056,2017-07-21 18:00:00
1500638400,303999,304116,282340,291821,7720.8516,2017-07-22 00:00:00
1500660000,291821,301429,287000,287000,5837.0005,2017-07-22 06:00:00
1500681600,287900,293490,283380,289830,3255.3267,2017-07-22 12:00:00
1500703200,290041,300000,287075,297500,4299.4575,2017-07-22 18:00:00
1500724800,297333,318000,295260,305235,6736.6284,2017-07-23 00:00:00
1500746400,305999,310000,298000,309600,4877.9277,2017-07-23 06:00:00
1500768000,309600,309600,303410,309004,1877.1055,2017-07-23 12:00:00
1500789600,309300,313000,298000,305860,5946.1343,2017-07-23 18:00:00
1500811200,305266,307770,296180,299758,4235.684,2017-07-24 00:00:00
1500832800,299190,308800,297174,304220,3965.252,2017-07-24 06:00:00
1500854400,304001,307880,301616,304815,2552.636,2017-07-24 12:00:00
1500876000,304815,305700,302010,303279,2370.26,2017-07-24 18:00:00
1500897600,303085,306880,301933,306207,2450.7507,2017-07-25 00:00:00
1500919200,306207,309300,304100,304860,2882.2437,2017-07-25 06:00:00
1500940800,305033,307980,303600,307596,1543.6465,2017-07-25 12:00:00
1500962400,307880,309001,306250,307801,1383.0453,2017-07-25 18:00:00
1500984000,307801,308215,286310,291950,8484.499,2017-07-26 00:00:00
1501005600,291800,293110,282027,285649,5777.536,2017-07-26 06:00:00
1501027200,285153,287982,273301,286300,7533.934,2017-07-26 12:00:00
1501048800,286619,291680,276680,279683,5522.9336,2017-07-26 18:00:00
1501070400,279683,286170,277000,285540,4430.027,2017-07-27 00:00:00
1501092000,285540,291200,275555,278644,4071.6099,2017-07-27 06:00:00
1501113600,278644,284460,278295,283240,2870.4556,2017-07-27 12:00:00
1501135200,283259,288779,282060,288580,2821.863,2017-07-27 18:00:00
1501156800,288510,290780,284361,289320,3234.856,2017-07-28 00:00:00
1501178400,289320,292817,284898,287670,1602.0823,2017-07-28 06:00:00
1501200000,287699,298500,286515,294441,3711.2283,2017-07-28 12:00:00
1501221600,294441,303230,294441,300039,4791.5835,2017-07-28 18:00:00
1501243200,300039,312548,299999,312299,6231.983,2017-07-29 00:00:00
1501264800,312291,312300,305100,308531,4793.139,2017-07-29 06:00:00
1501286400,308525,311000,305991,308750,1470.6993,2017-07-29 12:00:00
1501308000,308750,310200,299851,303640,2276.1602,2017-07-29 18:00:00
1501329600,303508,308754,302220,304266,2122.8774,2017-07-30 00:00:00
1501351200,304217,308500,301200,303180,2408.8691,2017-07-30 06:00:00
1501372800,303154,305000,300844,302240,1214.4902,2017-07-30 12:00:00
1501394400,302100,304500,299000,300000,1645.7706,2017-07-30 18:00:00
1501416000,300259,303110,294500,301653,2546.3496,2017-07-31 00:00:00
1501437600,301717,308210,299000,303789,2498.2363,2017-07-31 06:00:00
1501459200,303789,308000,302500,305242,883.4205,2017-07-31 12:00:00
1501480800,305242,308000,301000,307280,1871.0123,2017-07-31 18:00:00
1501502400,307100,315000,306070,312800,2925.8987,2017-08-01 00:00:00
1501524000,312801,318857,306260,317421,3504.7861,2017-08-01 06:00:00
1501545600,317422,334710,317100,324899,4536.2476,2017-08-01 12:00:00
1501567200,324250,334444,318500,329777,3475.093,2017-08-01 18:00:00
1501588800,329819,333373,303381,314382,5406.8325,2017-08-02 00:00:00
1501610400,314125,315720,281500,297300,7308.6084,2017-08-02 06:00:00
1501632000,297300,306120,297300,304219,1508.5566,2017-08-02 12:00:00
1501653600,304219,307421,302110,306600,1783.8641,2017-08-02 18:00:00
1501675200,306600,307250,302124,305012,2503.3994,2017-08-03 00:00:00
1501696800,305010,305861,297800,301008,3121.3057,2017-08-03 06:00:00
1501718400,300977,302710,297431,301419,1211.5028,2017-08-03 12:00:00
1501740000,301600,304000,300280,301902,1827.3185,2017-08-03 18:00:00
1501761600,302000,305390,301460,304700,1509.6781,2017-08-04 00:00:00
1501783200,304254,305169,302020,303146,2493.1697,2017-08-04 06:00:00
1501804800,303254,310005,303010,309191,1520.477,2017-08-04 12:00:00
1501826400,309346,310050,307000,309450,1839.5067,2017-08-04 18:00:00
1501848000,309270,317350,308500,314370,3362.23,2017-08-05 00:00:00
1501869600,314177,319751,314102,316362,2321.7083,2017-08-05 06:00:00
1501891200,316230,319999,314044,319330,1526.1866,2017-08-05 12:00:00
1501912800,319646,351110,318629,341797,8758.051,2017-08-05 18:00:00
1501934400,341235,355555,341235,346842,7029.3354,2017-08-06 00:00:00
1501956000,346812,369899,346811,367720,5790.8306,2017-08-06 06:00:00
1501977600,367764,368430,356050,362700,3974.1597,2017-08-06 12:00:00
1501999200,363144,368915,353700,355279,5073.6816,2017-08-06 18:00:00
1502020800,355320,358999,346000,351701,4384.798,2017-08-07 00:00:00
1502042400,351711,366000,351690,362952,3638.606,2017-08-07 06:00:00
1502064000,363328,365318,357031,358949,1719.8795,2017-08-07 12:00:00
1502085600,358909,363900,355048,363900,2930.6155,2017-08-07 18:00:00
1502107200,363900,373333,360600,370994,4008.657,2017-08-08 00:00:00
1502128800,370995,379380,370700,372385,5420.1875,2017-08-08 06:00:00
1502150400,372434,380500,370590,380398,2099.466,2017-08-08 12:00:00
1502172000,380362,393714,376950,389000,6467.289,2017-08-08 18:00:00
1502193600,389000,390780,383327,385650,4558.8296,2017-08-09 00:00:00
1502215200,385980,387526,376540,379800,5296.3154,2017-08-09 06:00:00
1502236800,379800,387052,376567,384001,2557.3306,2017-08-09 12:00:00
1502258400,384240,385407,379114,380866,2924.591,2017-08-09 18:00:00
1502280000,380900,383000,367000,371491,4425.9253,2017-08-10 00:00:00
1502301600,371556,374252,362200,371514,4990.4897,2017-08-10 06:00:00
1502323200,371514,375900,368310,373227,1575.2941,2017-08-10 12:00:00
1502344800,373081,375136,370000,374500,2488.688,2017-08-10 18:00:00
1502366400,374500,380890,372817,378840,2305.9705,2017-08-11 00:00:00
1502388000,378825,380500,375963,377091,2129.6592,2017-08-11 06:00:00
1502409600,376875,379000,373849,376266,1614.4197,2017-08-11 12:00:00
1502431200,376338,380788,375660,380300,1564.5746,2017-08-11 18:00:00
1502452800,379892,384260,379517,383400,2169.7092,2017-08-12 00:00:00
1502474400,383400,388900,383400,387991,3222.576,2017-08-12 06:00:00
1502496000,387900,403200,387250,399501,3811.8691,2017-08-12 12:00:00
1502517600,399501,404910,397390,404910,3201.3772,2017-08-12 18:00:00
1502539200,404526,413960,403900,411368,4444.7876,2017-08-13 00:00:00
1502560800,411122,434990,408255,428696,5160.8857,2017-08-13 06:00:00
1502582400,428642,432999,420231,429944,3721.7922,2017-08-13 12:00:00
1502604000,430000,459095,429844,451477,6330.4956,2017-08-13 18:00:00
1502625600,451476,468820,442500,450900,6505.9277,2017-08-14 00:00:00
1502647200,451890,455600,436222,446969,5697.2324,2017-08-14 06:00:00
1502668800,447755,456500,442503,451101,2467.1094,2017-08-14 12:00:00
1502690400,451966,459901,450070,453000,3328.3118,2017-08-14 18:00:00
1502712000,453261,465727,452900,462860,4118.7124,2017-08-15 00:00:00
1502733600,462859,478199,461370,473224,5574.4565,2017-08-15 06:00:00
1502755200,473198,477800,469500,477100,2041.8862,2017-08-15 12:00:00
1502776800,477500,498200,477499,491527,6585.609,2017-08-15 18:00:00
1502798400,491001,491001,448860,468881,7946.763,2017-08-16 00:00:00
1502820000,468881,469550,441674,452780,6583.861,2017-08-16 06:00:00
1502841600,454163,471302,445870,465421,2427.5818,2017-08-16 12:00:00
1502863200,465271,469300,445000,447722,4254.171,2017-08-16 18:00:00
1502884800,447765,460001,443000,453000,4031.5784,2017-08-17 00:00:00
1502906400,453314,479627,451048,474071,4460.328,2017-08-17 06:00:00
1502928000,473502,486400,470870,485555,3393.8777,2017-08-17 12:00:00
1502949600,485555,486567,469998,475425,3957.4524,2017-08-17 18:00:00
1502971200,475925,490000,474000,484153,3730.7126,2017-08-18 00:00:00
1502992800,484799,489990,471700,471700,4010.9922,2017-08-18 06:00:00
1503014400,471700,480000,470000,471243,2519.5518,2017-08-18 12:00:00
1503036000,471250,475581,463000,473440,3457.7405,2017-08-18 18:00:00
1503057600,473440,479000,470001,474690,2331.09,2017-08-19 00:00:00
1503079200,474671,476930,460000,464250,3347.5527,2017-08-19 06:00:00
1503100800,464158,466000,444000,455540,4613.872,2017-08-19 12:00:00
1503122400,455545,461068,445920,446749,3159.5178,2017-08-19 18:00:00
1503144000,446748,452001,439000,441050,4168.4136,2017-08-20 00:00:00
1503165600,441050,452917,440140,445727,3711.2102,2017-08-20 06:00:00
1503187200,446209,462380,445584,458475,1892.6232,2017-08-20 12:00:00
1503208800,458358,460278,451001,452244,1772.1924,2017-08-20 18:00:00
1503230400,452227,455741,449100,451145,1568.5999,2017-08-21 00:00:00
1503252000,451145,451500,442000,448511,2465.2415,2017-08-21 06:00:00
1503273600,448550,455102,447348,449300,1755.7091,2017-08-21 12:00:00
1503295200,449300,452000,444444,445480,1952.1821,2017-08-21 18:00:00
1503316800,445480,448222,442101,444117,2204.8472,2017-08-22 00:00:00
1503338400,444067,445600,438280,440086,2672.4143,2017-08-22 06:00:00
1503360000,439455,442680,430000,433266,2228.0042,2017-08-22 12:00:00
1503381600,433483,433827,395921,413180,7613.181,2017-08-22 18:00:00
1503403200,413960,443941,412700,431924,6660.43,2017-08-23 00:00:00
1503424800,431923,440620,428500,438661,3692.9524,2017-08-23 06:00:00
1503446400,438716,455726,438266,451782,3604.3718,2017-08-23 12:00:00
1503468000,451844,462330,450156,453890,3649.8074,2017-08-23 18:00:00
1503489600,453851,465555,452810,463776,3148.4321,2017-08-24 00:00:00
1503511200,463849,466410,457000,459735,2934.4004,2017-08-24 06:00:00
1503532800,459690,461509,447607,454324,2969.2896,2017-08-24 12:00:00
1503554400,454324,464900,451812,457110,3345.4236,2017-08-24 18:00:00
1503576000,457109,462402,455000,460191,2381.2903,2017-08-25 00:00:00
1503597600,460238,464048,457343,460499,1923.0417,2017-08-25 06:00:00
1503619200,460351,475600,460000,472740,2122.2004,2017-08-25 12:00:00
1503640800,472740,482000,470230,471661,3544.1345,2017-08-25 18:00:00
1503662400,471687,479900,468020,477301,2603.9414,2017-08-26 00:00:00
1503684000,477301,481000,475124,478870,2040.4108,2017-08-26 06:00:00
1503705600,478900,479950,470750,476820,1766.2123,2017-08-26 12:00:00
1503727200,476801,478200,470630,473104,1926.2338,2017-08-26 18:00:00
1503748800,473100,477235,472100,473749,1655.8655,2017-08-27 00:00:00
1503770400,473043,474200,471000,472140,1324.8373,2017-08-27 06:00:00
1503792000,472393,476071,472030,474401,878.00183,2017-08-27 12:00:00
1503813600,474365,478149,474010,475800,1724.6211,2017-08-27 18:00:00
1503835200,475825,477424,474990,476728,1150.5701,2017-08-28 00:00:00
1503856800,476759,478000,475350,477730,1391.7288,2017-08-28 06:00:00
1503878400,477730,479500,476616,477241,940.92303,2017-08-28 12:00:00
1503900000,477192,477550,461613,463900,3627.4282,2017-08-28 18:00:00
1503921600,463900,473777,463500,472200,2699.31,2017-08-29 00:00:00
1503943200,472200,475999,470860,474340,1468.2808,2017-08-29 06:00:00
1503964800,474506,480000,473201,478330,1654.625,2017-08-29 12:00:00
1503986400,478095,479490,475710,478479,1390.0685,2017-08-29 18:00:00
1504008000,478479,479000,475500,476980,1798.8472,2017-08-30 00:00:00
1504029600,476953,493000,476700,491200,3546.04,2017-08-30 06:00:00
1504051200,491661,502179,491280,499600,2389.4258,2017-08-30 12:00:00
1504072800,499602,509370,497851,506400,3623.707,2017-08-30 18:00:00
1504094400,506562,508199,492810,499412,4416.508,2017-08-31 00:00:00
1504116000,499412,505555,498362,505469,2057.1187,2017-08-31 06:00:00
1504137600,505325,506000,501245,503825,1385.085,2017-08-31 12:00:00
1504159200,503820,511760,503757,511570,2783.832,2017-08-31 18:00:00
1504180800,511582,515980,507560,515980,2872.08,2017-09-01 00:00:00
1504202400,515970,525500,515740,521690,3166.5557,2017-09-01 06:00:00
1504224000,521619,524150,519390,523300,1371.7472,2017-09-01 12:00:00
1504245600,523300,532953,520030,522498,4561.3154,2017-09-01 18:00:00
1504267200,522498,531765,521810,530637,3420.3875,2017-09-02 00:00:00
1504288800,530614,536500,529721,534900,2750.547,2017-09-02 06:00:00
1504310400,534900,548000,532580,547797,2541.8706,2017-09-02 12:00:00
1504332000,547996,566350,531500,531579,6555.141,2017-09-02 18:00:00
1504353600,531579,542160,520727,526797,7298.6104,2017-09-03 00:00:00
1504375200,526796,527824,506559,522500,5450.196,2017-09-03 06:00:00
1504396800,522500,523070,502000,516000,3592.0042,2017-09-03 12:00:00
1504418400,516000,540669,515609,540668,5774.0854,2017-09-03 18:00:00
1504440000,540163,541100,516162,517441,4569.614,2017-09-04 00:00:00
1504461600,518000,518580,501100,513699,5227.059,2017-09-04 06:00:00
1504483200,513699,523660,506175,522530,2362.6404,2017-09-04 12:00:00
1504504800,522530,523270,512000,515500,3315.8247,2017-09-04 18:00:00
1504526400,515761,516394,482100,493500,8518.573,2017-09-05 00:00:00
1504548000,493500,498000,471100,472000,6118.693,2017-09-05 06:00:00
1504569600,472000,500771,470600,485001,5116.1816,2017-09-05 12:00:00
1504591200,485190,486370,450000,451730,9117.304,2017-09-05 18:00:00
1504612800,451621,484950,451000,484500,9242.897,2017-09-06 00:00:00
1504634400,484500,493800,471210,482446,6564.3154,2017-09-06 06:00:00
1504656000,482640,499624,480650,493900,3694.6968,2017-09-06 12:00:00
1504677600,493900,506939,491100,496100,5671.768,2017-09-06 18:00:00
1504699200,496100,506000,492907,505000,5116.0986,2017-09-07 00:00:00
1504720800,505000,510000,501491,509613,3236.2632,2017-09-07 06:00:00
1504742400,509728,510000,503174,506347,1883.1243,2017-09-07 12:00:00
1504764000,506347,507283,498192,501001,3619.178,2017-09-07 18:00:00
1504785600,501166,503980,496397,503310,3121.703,2017-09-08 00:00:00
1504807200,503431,507777,501000,503313,2128.206,2017-09-08 06:00:00
1504828800,502939,504500,498220,502110,1212.8014,2017-09-08 12:00:00
1504850400,502493,502496,497501,500515,2077.6458,2017-09-08 18:00:00
1504872000,500788,505555,499945,502800,2232.648,2017-09-09 00:00:00
1504893600,502700,503467,468000,473400,7389.6357,2017-09-09 06:00:00
1504915200,473250,483000,450001,479712,6492.6387,2017-09-09 12:00:00
1504936800,479711,479760,455000,475500,5809.4224,2017-09-09 18:00:00
1504958400,475500,475500,465000,470450,3311.1675,2017-09-10 00:00:00
1504980000,470450,471000,458203,461367,2263.852,2017-09-10 06:00:00
1505001600,461819,469580,454500,466300,2127.8796,2017-09-10 12:00:00
1505023200,466040,466210,450400,453805,2948.7812,2017-09-10 18:00:00
1505044800,453661,454060,450188,450431,167.0491,2017-09-11 00:00:00
1505066400,442920,465373,440000,462820,4347.9844,2017-09-11 06:00:00
1505088000,462820,465940,455000,456005,2591.0159,2017-09-11 12:00:00
1505109600,455800,468520,451000,455500,5273.7476,2017-09-11 18:00:00
1505131200,455123,460000,451700,454399,3615.7156,2017-09-12 00:00:00
1505152800,454398,462640,452600,457730,3253.1877,2017-09-12 06:00:00
1505174400,457730,460839,455001,459300,1236.3334,2017-09-12 12:00:00
1505196000,459200,468400,455501,467900,3695.4949,2017-09-12 18:00:00
1505217600,467900,474820,465000,470700,5027.215,2017-09-13 00:00:00
1505239200,470700,471780,460001,460001,3042.3057,2017-09-13 06:00:00
1505260800,460470,461710,450052,458799,3184.0847,2017-09-13 12:00:00
1505282400,458800,458900,431197,438902,7623.062,2017-09-13 18:00:00
1505304000,438902,446310,424242,426620,5767.353,2017-09-14 00:00:00
1505325600,427140,436080,414000,431855,6943.8423,2017-09-14 06:00:00
1505347200,431855,436666,423824,425554,4331.211,2017-09-14 12:00:00
1505368800,425554,431710,417000,421200,3756.4673,2017-09-14 18:00:00
1505390400,421200,430760,397655,397849,5557.1187,2017-09-15 00:00:00
1505412000,397849,401406,357749,358780,9225.836,2017-09-15 06:00:00
1505433600,358779,366000,304860,313000,10974.998,2017-09-15 12:00:00
1505455200,313000,384000,313000,360879,9739.721,2017-09-15 18:00:00
1505476800,360879,363892,318000,323006,12715.987,2017-09-16 00:00:00
1505498400,323006,408500,321000,392000,14409.775,2017-09-16 06:00:00
1505520000,391070,431132,391000,416530,7265.232,2017-09-16 12:00:00
1505541600,416007,429800,412000,424071,6128.993,2017-09-16 18:00:00
1505563200,424001,426665,387500,402399,10026.463,2017-09-17 00:00:00
1505584800,402399,405500,375460,400000,6439.9614,2017-09-17 06:00:00
1505606400,398920,414500,397730,405795,2037.6709,2017-09-17 12:00:00
1505628000,405795,406060,390590,392600,2867.894,2017-09-17 18:00:00
1505649600,392609,398999,381214,389800,3402.4504,2017-09-18 00:00:00
1505671200,389899,415000,388801,412173,7109.981,2017-09-18 06:00:00
1505692800,412173,415080,400110,401879,2503.9216,2017-09-18 12:00:00
1505714400,401000,423000,401000,423000,5681.146,2017-09-18 18:00:00
1505736000,422983,439277,420540,430000,9497.748,2017-09-19 00:00:00
1505757600,430050,447999,429300,436180,6257.3535,2017-09-19 06:00:00
1505779200,436180,452300,434610,452270,3067.9282,2017-09-19 12:00:00
1505800800,452003,455026,426660,433197,7103.7456,2017-09-19 18:00:00
1505822400,432900,446080,432339,442686,6276.03,2017-09-20 00:00:00
1505844000,442907,445900,436981,440922,3428.55,2017-09-20 06:00:00
1505865600,440873,443770,429414,429414,3161.0095,2017-09-20 12:00:00
1505887200,429998,434718,421999,431343,3306.6516,2017-09-20 18:00:00
1505908800,431183,438500,427740,433239,4226.4907,2017-09-21 00:00:00
1505930400,432826,444451,432061,439560,3833.1438,2017-09-21 06:00:00
1505952000,440492,441530,431640,431999,1803.921,2017-09-21 12:00:00
1505973600,431800,435045,426100,434203,3692.9575,2017-09-21 18:00:00
1505995200,434050,436440,428500,431001,2946.4143,2017-09-22 00:00:00
1506016800,431001,434500,413270,415840,4719.3965,2017-09-22 06:00:00
1506038400,416118,419530,405310,409647,3808.7031,2017-09-22 12:00:00
1506060000,409170,419250,406870,416089,4077.5583,2017-09-22 18:00:00
1506081600,416302,419564,400560,400560,3283.238,2017-09-23 00:00:00
1506103200,400600,406930,398540,401190,5235.7427,2017-09-23 06:00:00
1506124800,400631,407999,400620,404830,2081.8972,2017-09-23 12:00:00
1506146400,404830,416500,401500,414263,3035.4583,2017-09-23 18:00:00
1506168000,414263,428160,411708,428160,4349.584,2017-09-24 00:00:00
1506189600,428160,428500,414770,418417,4569.882,2017-09-24 06:00:00
1506211200,418981,425222,417000,424299,1593.5719,2017-09-24 12:00:00
1506232800,424314,424500,411001,415387,3164.839,2017-09-24 18:00:00
1506254400,415299,417030,409610,415250,3230.1406,2017-09-25 00:00:00
1506276000,415250,420000,412000,412380,2779.3567,2017-09-25 06:00:00
1506297600,412380,416118,410900,412640,1158.2822,2017-09-25 12:00:00
1506319200,413367,424000,412100,420579,3613.6667,2017-09-25 18:00:00
1506340800,420579,423174,416196,419957,2890.2073,2017-09-26 00:00:00
1506362400,419775,436000,418898,430518,6175.9326,2017-09-26 06:00:00
1506384000,430700,439000,429501,435637,2251.755,2017-09-26 12:00:00
1506405600,435573,437280,428200,428898,3436.715,2017-09-26 18:00:00
1506427200,428899,435000,428800,434218,2345.112,2017-09-27 00:00:00
1506448800,434218,436295,431188,433110,2521.1375,2017-09-27 06:00:00
1506470400,433099,434203,429945,430299,1134.96,2017-09-27 12:00:00
1506492000,430299,435570,429999,435227,1887.8864,2017-09-27 18:00:00
1506513600,435227,452100,433500,449001,6103.3945,2017-09-28 00:00:00
1506535200,449004,451467,445202,447999,3551.7031,2017-09-28 06:00:00
1506556800,447998,471499,447998,468510,4915.3115,2017-09-28 12:00:00
1506578400,468600,476800,461800,473250,5123.063,2017-09-28 18:00:00
1506600000,473357,475970,461910,467105,5648.5366,2017-09-29 00:00:00
1506621600,466800,469420,458710,464698,3590.5618,2017-09-29 06:00:00
1506643200,464697,467950,461473,465990,1746.8878,2017-09-29 12:00:00
1506664800,466080,467221,446120,451000,5020.3647,2017-09-29 18:00:00
1506686400,451599,467800,450260,465498,5828.0425,2017-09-30 00:00:00
1506708000,465008,468000,461280,463061,4358.1924,2017-09-30 06:00:00
1506729600,463237,466338,461800,463158,1081.2827,2017-09-30 12:00:00
1506751200,463300,469800,462500,468726,3034.276,2017-09-30 18:00:00
1506772800,468726,475500,468519,470855,4991.1147,2017-10-01 00:00:00
1506794400,470855,487441,470854,482480,6968.1265,2017-10-01 06:00:00
1506816000,482484,487342,482480,485219,2453.8452,2017-10-01 12:00:00
1506837600,485053,489500,476545,481107,5149.705,2017-10-01 18:00:00
1506859200,481135,484150,480500,482090,2499.8726,2017-10-02 00:00:00
1506880800,482090,482150,475066,480059,3632.8958,2017-10-02 06:00:00
1506902400,480101,488390,478972,488150,2118.466,2017-10-02 12:00:00
1506924000,488091,497160,486869,496319,3756.0623,2017-10-02 18:00:00
1506945600,496287,498944,491404,492878,4359.4185,2017-10-03 00:00:00
1506967200,493010,494780,489789,491008,4095.1167,2017-10-03 06:00:00
1506988800,491080,495954,490160,493762,1599.5977,2017-10-03 12:00:00
1507010400,493708,497350,487000,487700,3052.9172,2017-10-03 18:00:00
1507032000,487599,491700,482539,485960,6100.7783,2017-10-04 00:00:00
1507053600,486021,486169,477928,484072,3803.4517,2017-10-04 06:00:00
1507075200,484114,488540,481585,488000,1699.3339,2017-10-04 12:00:00
1507096800,488001,488929,483500,487221,2346.9255,2017-10-04 18:00:00
1507118400,487077,488150,476202,479414,3822.9058,2017-10-05 00:00:00
1507140000,479409,480111,471131,475245,4302.8496,2017-10-05 06:00:00
1507161600,475242,478960,473001,475976,1441.5114,2017-10-05 12:00:00
1507183200,475976,477789,463819,464999,3523.9902,2017-10-05 18:00:00
1507204800,464925,476530,464466,475360,3516.3423,2017-10-06 00:00:00
1507226400,475558,486000,475437,483249,5130.1714,2017-10-06 06:00:00
1507248000,483250,489850,483070,484490,2839.6885,2017-10-06 12:00:00
1507269600,484414,493180,480291,493180,3218.3755,2017-10-06 18:00:00
1507291200,493180,495084,490299,492329,3807.377,2017-10-07 00:00:00
1507312800,492330,493621,487170,488600,4217.4087,2017-10-07 06:00:00
1507334400,488878,492000,484800,490960,2247.8645,2017-10-07 12:00:00
1507356000,491110,492340,488888,490239,1576.5688,2017-10-07 18:00:00
1507377600,490280,490600,483141,484627,2688.188,2017-10-08 00:00:00
1507399200,484531,488600,483136,486580,2893.5632,2017-10-08 06:00:00
1507420800,485926,496240,484460,493181,3727.2952,2017-10-08 12:00:00
1507442400,493180,496520,493100,494256,2842.736,2017-10-08 18:00:00
1507464000,494350,497780,494337,495960,2842.3354,2017-10-09 00:00:00
1507485600,495960,510967,495797,506493,5959.862,2017-10-09 06:00:00
1507507200,506450,513759,504500,512459,3065.367,2017-10-09 12:00:00
1507528800,512458,516000,509429,511705,4068.8333,2017-10-09 18:00:00
1507550400,511707,513501,506380,511379,3210.9536,2017-10-10 00:00:00
1507572000,511378,521500,510620,520762,3795.7786,2017-10-10 06:00:00
1507593600,520804,537145,519870,532068,6950.501,2017-10-10 12:00:00
1507615200,532274,542052,532274,538969,5650.2144,2017-10-10 18:00:00
1507636800,538969,541000,529500,534900,5939.4297,2017-10-11 00:00:00
1507658400,534899,547000,534255,546900,4781.7944,2017-10-11 06:00:00
1507680000,546900,549800,531001,536000,4340.1743,2017-10-11 12:00:00
1507701600,536000,537000,529117,534640,3704.2336,2017-10-11 18:00:00
1507723200,534640,541070,533993,535572,3937.6948,2017-10-12 00:00:00
1507744800,535572,542272,532309,540554,5087.081,2017-10-12 06:00:00
1507766400,540554,542999,534250,537859,3302.0298,2017-10-12 12:00:00
1507788000,537859,544700,536060,544465,3908.8013,2017-10-12 18:00:00
1507809600,544365,586100,542500,576626,12659.054,2017-10-13 00:00:00
1507831200,576800,599960,576455,589372,8894.702,2017-10-13 06:00:00
1507852800,589385,614977,583799,614500,5838.913,2017-10-13 12:00:00
1507874400,614145,660000,605506,620600,13251.476,2017-10-13 18:00:00
1507896000,620601,643120,614000,633202,9796.658,2017-10-14 00:00:00
1507917600,633202,650936,623837,641815,8153.6465,2017-10-14 06:00:00
1507939200,641818,642349,615010,631533,4578.4585,2017-10-14 12:00:00
1507960800,631425,642000,623631,632380,4083.5764,2017-10-14 18:00:00
1507982400,632020,643500,625955,637509,5048.002,2017-10-15 00:00:00
1508004000,637499,643450,633500,641618,4290.75,2017-10-15 06:00:00
1508025600,641805,649751,633000,648042,3061.9253,2017-10-15 12:00:00
1508047200,648461,650505,642750,647605,3290.1077,2017-10-15 18:00:00
1508068800,647605,648189,605500,606520,9270.343,2017-10-16 00:00:00
1508090400,606522,627601,605830,617111,7262.8516,2017-10-16 06:00:00
1508112000,617734,642760,612910,638776,4055.1614,2017-10-16 12:00:00
1508133600,638776,642000,625490,635931,4430.556,2017-10-16 18:00:00
1508155200,635995,640000,622000,638783,5293.5405,2017-10-17 00:00:00
1508176800,638778,640314,629083,632450,4480.949,2017-10-17 06:00:00
1508198400,632883,645000,630747,641822,2813.6038,2017-10-17 12:00:00
1508220000,641823,643000,629000,629932,4116.8433,2017-10-17 18:00:00
1508241600,629913,636220,625000,626513,3774.7449,2017-10-18 00:00:00
1508263200,626963,633931,621128,631480,4778.856,2017-10-18 06:00:00
1508284800,631411,634319,626500,629768,2326.3242,2017-10-18 12:00:00
1508306400,630100,630100,615100,620990,4352.775,2017-10-18 18:00:00
1508328000,620985,620990,586090,596991,8356.619,2017-10-19 00:00:00
1508349600,596992,613050,571000,605705,11871.434,2017-10-19 06:00:00
1508371200,605705,632372,604810,629000,6008.101,2017-10-19 12:00:00
1508392800,629062,638000,622050,631513,6719.125,2017-10-19 18:00:00
1508414400,631513,640000,625171,637489,6385.3813,2017-10-20 00:00:00
1508436000,637453,640770,632415,637512,5534.0034,2017-10-20 06:00:00
1508457600,637475,642000,633865,638007,2511.6577,2017-10-20 12:00:00
1508479200,637959,639571,634430,634500,2500.2205,2017-10-20 18:00:00
1508500800,634500,637940,629300,634848,3565.7034,2017-10-21 00:00:00
1508522400,634848,679050,634703,673000,12673.765,2017-10-21 06:00:00
1508544000,673000,679400,668472,675265,4269.4956,2017-10-21 12:00:00
1508565600,675265,700200,674000,693330,7827.953,2017-10-21 18:00:00
1508587200,693330,695650,689230,693220,4264.2964,2017-10-22 00:00:00
1508608800,693587,699025,679500,686012,4493.9287,2017-10-22 06:00:00
1508630400,686559,695900,682001,685547,3209.608,2017-10-22 12:00:00
1508652000,685309,690641,656654,666716,6489.281,2017-10-22 18:00:00
1508673600,666716,678800,657300,665390,7016.538,2017-10-23 00:00:00
1508695200,665390,683288,660475,677681,6984.976,2017-10-23 06:00:00
1508716800,677677,684246,664130,681259,4656.6924,2017-10-23 12:00:00
1508738400,681343,690000,675470,680500,8460.554,2017-10-23 18:00:00
1508760000,680250,680800,662500,672400,7553.068,2017-10-24 00:00:00
1508781600,672400,673058,646000,665183,11514.183,2017-10-24 06:00:00
1508803200,665300,676202,656721,671481,7339.5713,2017-10-24 12:00:00
1508824800,671488,673964,622218,644200,15395.903,2017-10-24 18:00:00
1508846400,644200,653900,636831,644949,7778.15,2017-10-25 00:00:00
1508868000,644500,648600,632130,646403,6279.3936,2017-10-25 06:00:00
1508889600,646404,648000,616845,625146,6597.1226,2017-10-25 12:00:00
1508911200,625146,625870,602526,613857,7710.2085,2017-10-25 18:00:00
1508932800,614034,634740,613520,623810,6321.7524,2017-10-26 00:00:00
1508954400,623391,625599,609627,619367,6385.2695,2017-10-26 06:00:00
1508976000,619340,643510,619221,641808,3959.3623,2017-10-26 12:00:00
1508997600,641998,651977,640310,645859,4218.0923,2017-10-26 18:00:00
1509019200,646019,666160,640750,666096,5553.124,2017-10-27 00:00:00
1509040800,666000,680880,664868,674735,8256.762,2017-10-27 06:00:00
1509062400,674733,674798,653671,667900,6437.7646,2017-10-27 12:00:00
1509084000,667900,678100,661560,661913,4979.5986,2017-10-27 18:00:00
1509105600,662507,672040,654130,662500,5180.7227,2017-10-28 00:00:00
1509127200,662500,662700,643040,648383,6312.1235,2017-10-28 06:00:00
1509148800,648383,657900,644163,653230,3031.0354,2017-10-28 12:00:00
1509170400,653287,665250,648350,655801,4632.3535,2017-10-28 18:00:00
1509192000,656066,657096,642861,644163,3534.116,2017-10-29 00:00:00
1509213600,644157,649741,637790,647634,3692.8892,2017-10-29 06:00:00
1509235200,647634,652150,643156,646109,1732.446,2017-10-29 12:00:00
1509256800,646001,653999,643690,652802,2648.6326,2017-10-29 18:00:00
1509278400,653000,660900,651101,655997,4110.5947,2017-10-30 00:00:00
1509300000,655658,670999,651400,666591,4592.9434,2017-10-30 06:00:00
1509321600,666971,697479,666598,687656,8470.545,2017-10-30 12:00:00
1509343200,688048,689800,680999,684595,4152.447,2017-10-30 18:00:00
1509364800,684595,696860,683301,686686,4968.8135,2017-10-31 00:00:00
1509386400,686501,688360,672060,678620,6100.452,2017-10-31 06:00:00
1509408000,678620,685546,673670,682911,2737.76,2017-10-31 12:00:00
1509429600,682911,691144,682009,690500,3731.744,2017-10-31 18:00:00
1509451200,690776,696240,679298,695999,5830.231,2017-11-01 00:00:00
1509472800,696000,717792,691468,710200,8007.407,2017-11-01 06:00:00
1509494400,710101,728724,705564,727720,3143.3462,2017-11-01 12:00:00
1509516000,727834,728122,717777,725799,4809.8345,2017-11-01 18:00:00
1509537600,725792,750000,723106,745491,7271.874,2017-11-02 00:00:00
1509559200,745093,748000,732560,744575,6737.2856,2017-11-02 06:00:00
1509580800,744710,769700,741080,769400,4055.96,2017-11-02 12:00:00
1509602400,769400,793827,767990,780549,11110.118,2017-11-02 18:00:00
1509624000,780845,868888,763660,800103,13596.665,2017-11-03 00:00:00
1509645600,800000,826260,774940,806071,10478.106,2017-11-03 06:00:00
1509667200,806170,814685,781425,808225,5919.7266,2017-11-03 12:00:00
1509688800,808223,828000,790010,825000,7663.511,2017-11-03 18:00:00
1509710400,825026,856000,823583,839520,11625.49,2017-11-04 00:00:00
1509732000,839251,845889,823233,835490,7672.7046,2017-11-04 06:00:00
1509753600,835490,840000,819092,825839,4518.235,2017-11-04 12:00:00
1509775200,825709,829000,805000,818852,7489.7676,2017-11-04 18:00:00
1509796800,819049,822770,812230,816000,4286.478,2017-11-05 00:00:00
1509818400,815900,843188,814491,834629,7087.4873,2017-11-05 06:00:00
1509840000,834779,852000,831500,844824,3665.0554,2017-11-05 12:00:00
1509861600,844890,848816,833500,847118,4354.655,2017-11-05 18:00:00
1509883200,847445,863000,843850,861596,5130.0205,2017-11-06 00:00:00
1509904800,861596,870000,855450,860319,6104.85,2017-11-06 06:00:00
1509926400,860319,871999,840000,847468,4650.7217,2017-11-06 12:00:00
1509948000,847468,858500,821384,839463,8027.283,2017-11-06 18:00:00
1509969600,839463,861120,837859,849000,7398.7393,2017-11-07 00:00:00
1509991200,848602,857221,824370,831739,6332.564,2017-11-07 06:00:00
1510012800,832191,839999,808470,814151,5043.446,2017-11-07 12:00:00
1510034400,815023,839900,811250,830585,6557.603,2017-11-07 18:00:00
1510056000,830586,836957,825000,832001,3930.4275,2017-11-08 00:00:00
1510077600,832001,833998,807230,814054,5845.5933,2017-11-08 06:00:00
1510099200,814174,818099,805000,815856,2724.6792,2017-11-08 12:00:00
1510120800,815672,840940,810940,840911,5118.9053,2017-11-08 18:00:00
1510142400,840472,848600,836250,844908,3954.2212,2017-11-09 00:00:00
1510164000,845278,874000,841880,863580,8230.725,2017-11-09 06:00:00
1510185600,864296,870980,813790,857199,10896.607,2017-11-09 12:00:00
1510207200,857200,857990,840000,847879,5755.648,2017-11-09 18:00:00
1510228800,847880,852000,816899,821284,7115.0547,2017-11-10 00:00:00
1510250400,821832,835000,816001,826802,5445.149,2017-11-10 06:00:00
1510272000,826902,833747,814740,819133,3072.4148,2017-11-10 12:00:00
1510293600,819697,838000,818210,822399,4086.264,2017-11-10 18:00:00
1510315200,822961,824310,770483,789386,8862.734,2017-11-11 00:00:00
1510336800,789386,799480,753541,772130,14367.646,2017-11-11 06:00:00
1510358400,772681,773330,722000,744342,12122.904,2017-11-11 12:00:00
1510380000,744601,779000,742660,766049,8790.842,2017-11-11 18:00:00
1510401600,765634,770847,727633,727633,7738.397,2017-11-12 00:00:00
1510423200,728353,741854,695000,726438,14128.637,2017-11-12 06:00:00
1510444800,726340,737440,705244,720794,6062.4814,2017-11-12 12:00:00
1510466400,720794,722660,630800,645000,13449.731
1510488000,645000,689964,608500,686000,8984.856
